player,position,team,games_starts,minutes_90s,goals,assists,pens_att,goals_assists_per90,xg,xg_assists,shots_on_target_pct,goals_per_shot_on_target,passes_pct,passes_into_final_third,passes_into_penalty_area,progressive_passes,gca,gca_dribbles,gca_shots,dribbles_completed_pct,dispossessed,cards_red,ball_recoveries,aerials_won_pct,tackles_won,dribble_tackles_pct,blocks,clearances,tackles_interceptions,errors
Aaron Mooy,MF,Australia,4,4.0,0,0,0,0.0,0.0,0.0,0.0,0.0,78.3,22.0,1.0,14.0,0.0,0.0,0.0,66.7,4.0,0,35.0,40.0,6,75.0,6.0,9.0,12.0,0.0
Aaron Ramsey,MF,Wales,3,3.0,0,0,0,0.0,0.0,0.0,0.0,0.0,78.6,7.0,1.0,5.0,0.0,0.0,0.0,25.0,4.0,0,19.0,0.0,0,0.0,4.0,2.0,2.0,1.0
Abdelhamid Sabiri,MF,Morocco,2,2.0,0,1,0,0.5,0.1,0.0,0.0,0.0,77.6,3.0,0.0,0.0,1.0,0.0,0.0,0.0,3.0,0,7.0,50.0,1,33.3,3.0,3.0,8.0,0.0
Abdelkarim Hassan,DF,Qatar,3,3.0,0,0,0,0.0,0.3,0.0,0.0,0.0,75.8,13.0,1.0,8.0,1.0,0.0,0.0,20.0,0.0,0,11.0,75.0,3,75.0,3.0,5.0,8.0,0.0
Abderrazak Hamdallah,FW,Morocco,0,0.8,0,0,0,0.0,0.4,0.0,50.0,0.0,53.3,1.0,0.0,0.0,0.0,0.0,0.0,66.7,3.0,0,4.0,12.5,0,0.0,0.0,2.0,0.0,0.0
Abdessamad Ezzalzouli,FW,Morocco,0,1.0,0,0,0,0.0,0.1,0.0,0.0,0.0,76.9,0.0,0.0,2.0,0.0,0.0,0.0,50.0,1.0,0,4.0,33.3,2,100.0,4.0,3.0,3.0,0.0
Abdou Diallo,DF,Senegal,4,3.7,0,0,0,0.0,0.0,0.0,0.0,0.0,74.7,10.0,1.0,8.0,1.0,0.0,0.0,0.0,2.0,0,17.0,53.8,2,100.0,1.0,10.0,3.0,0.0
Abdul Fatawu Issahaku,FW,Ghana,0,0.0,0,0,0,0.0,0.0,0.0,0.0,0.0,100.0,0.0,0.0,0.0,0.0,0.0,0.0,0.0,0.0,0,0.0,0.0,0,,0.0,0.0,0.0,0.0
Abdulaziz Hatem,MF,Qatar,2,2.2,0,0,0,0.0,0.0,0.0,100.0,0.0,79.1,3.0,0.0,1.0,0.0,0.0,0.0,100.0,1.0,0,4.0,33.3,1,50.0,0.0,0.0,2.0,0.0
Abdulelah Al-Amri,DF,Saudi Arabia,2,2.0,0,0,0,0.0,0.1,0.0,0.0,0.0,71.2,13.0,1.0,11.0,0.0,0.0,0.0,0.0,0.0,0,15.0,71.4,0,0.0,2.0,10.0,5.0,0.0
Abdulellah Al-Malki,MF,Saudi Arabia,2,1.9,0,0,0,0.0,0.1,0.0,0.0,0.0,78.6,3.0,0.0,3.0,1.0,0.0,0.0,0.0,0.0,0,9.0,0.0,1,33.3,3.0,4.0,5.0,1.0
Abdullah Madu,DF,Saudi Arabia,0,0.5,0,0,0,0.0,0.0,0.0,0.0,0.0,38.5,0.0,0.0,1.0,0.0,0.0,0.0,0.0,0.0,0,2.0,50.0,0,,3.0,2.0,1.0,0.0
Abdulrahman Al-Aboud,MF,Saudi Arabia,0,0.4,0,0,0,0.0,0.1,0.0,0.0,0.0,61.5,0.0,1.0,1.0,0.0,0.0,0.0,0.0,0.0,0,1.0,50.0,3,20.0,0.0,0.0,3.0,0.0
Abolfazl Jalali,DF,IR Iran,0,0.2,0,0,0,0.0,0.0,0.0,0.0,0.0,69.0,1.0,0.0,3.0,0.0,0.0,0.0,20.0,1.0,0,3.0,0.0,0,,0.0,1.0,0.0,0.0
Achraf Dari,DF,Morocco,2,2.1,1,0,0,0.48,0.6,0.0,100.0,1.0,89.2,3.0,0.0,2.0,0.0,0.0,0.0,0.0,1.0,0,10.0,50.0,0,33.3,7.0,9.0,6.0,0.0
Achraf Hakimi,DF,Morocco,7,7.0,0,1,0,0.14,0.1,0.0,25.0,0.0,81.7,14.0,6.0,10.0,1.0,0.0,0.0,13.3,8.0,0,46.0,38.5,17,60.7,7.0,12.0,35.0,0.0
Adrien Rabiot,MF,France,5,5.4,1,1,0,0.37,1.1,0.0,44.4,0.25,83.5,36.0,0.0,13.0,1.0,0.0,0.0,40.0,7.0,0,30.0,65.2,9,57.1,11.0,6.0,22.0,0.0
Agustín Canobbio,MF,Uruguay,0,0.1,0,0,0,0.0,0.0,0.0,0.0,0.0,71.4,1.0,0.0,0.0,0.0,0.0,0.0,0.0,0.0,0,2.0,0.0,1,,1.0,0.0,1.0,0.0
Ahmad Nourollahi,MF,IR Iran,3,2.5,0,0,0,0.0,0.1,0.0,20.0,0.0,64.8,3.0,0.0,3.0,0.0,0.0,0.0,50.0,0.0,0,15.0,100.0,3,50.0,3.0,8.0,10.0,0.0
Ahmed Alaaeldin,FW,Qatar,0,0.1,0,0,0,0.0,0.0,0.0,0.0,0.0,0.0,0.0,0.0,0.0,0.0,0.0,0.0,0.0,0.0,0,0.0,0.0,0,,0.0,0.0,0.0,0.0
Aimen Dahmen,GK,Tunisia,3,3.0,0,0,0,0.0,0.0,0.0,0.0,0.0,62.3,0.0,0.0,0.0,0.0,0.0,0.0,0.0,0.0,0,3.0,0.0,0,,0.0,2.0,0.0,0.0
Ajdin Hrustic,MF,Australia,0,0.7,0,0,0,0.0,0.0,0.0,0.0,0.0,81.0,1.0,0.0,1.0,0.0,0.0,0.0,25.0,1.0,0,3.0,0.0,0,100.0,0.0,1.0,3.0,0.0
Akram Afif,FW,Qatar,3,3.0,0,0,0,0.0,0.0,0.0,0.0,0.0,84.2,10.0,4.0,7.0,0.0,0.0,0.0,42.9,5.0,0,14.0,50.0,0,0.0,0.0,0.0,0.0,0.0
Alan Franco,MF,Ecuador,1,0.5,0,0,0,0.0,0.0,0.0,0.0,0.0,90.9,0.0,0.0,1.0,0.0,0.0,0.0,0.0,0.0,0,1.0,50.0,0,0.0,0.0,1.0,3.0,0.0
Alejandro Balde,DF,Spain,1,1.4,0,0,0,0.0,0.0,0.0,0.0,0.0,91.1,5.0,2.0,4.0,1.0,0.0,0.0,0.0,3.0,0,10.0,0.0,6,100.0,2.0,2.0,6.0,0.0
Aleksandar Mitrović,FW,Serbia,3,2.9,2,0,0,0.69,1.6,0.0,30.0,0.67,78.3,5.0,1.0,2.0,0.0,0.0,0.0,100.0,3.0,0,6.0,29.4,0,100.0,1.0,1.0,1.0,0.0
Alex Sandro,DF,Brazil,2,2.1,0,0,0,0.0,0.0,0.0,0.0,0.0,88.8,11.0,2.0,11.0,0.0,0.0,0.0,50.0,0.0,0,16.0,75.0,3,100.0,1.0,9.0,11.0,0.0
Alex Telles,DF,Brazil,1,0.7,0,0,0,0.0,0.0,0.0,0.0,0.0,78.6,3.0,0.0,2.0,0.0,0.0,0.0,0.0,0.0,0,1.0,50.0,2,100.0,0.0,1.0,2.0,0.0
Alexander Bah,DF,Denmark,0,0.5,0,0,0,0.0,0.1,0.0,0.0,0.0,69.8,0.0,3.0,2.0,0.0,0.0,0.0,0.0,0.0,0,3.0,100.0,4,66.7,2.0,0.0,6.0,0.0
Alexander Djiku,DF,Ghana,1,1.1,0,0,0,0.0,0.0,0.0,0.0,0.0,78.6,1.0,0.0,1.0,1.0,0.0,0.0,0.0,0.0,0,3.0,100.0,1,100.0,0.0,9.0,3.0,0.0
Alexis Mac Allister,MF,Argentina,6,6.1,1,1,0,0.33,0.7,0.0,57.1,0.25,88.3,12.0,6.0,17.0,2.0,0.0,0.0,50.0,8.0,0,40.0,29.4,4,57.1,13.0,6.0,12.0,0.0
Alexis Vega,FW,Mexico,3,2.1,0,0,0,0.0,0.8,0.0,22.2,0.0,71.4,3.0,0.0,4.0,0.0,0.0,0.0,25.0,8.0,0,16.0,16.7,0,,1.0,2.0,1.0,0.0
Ali Abdi,DF,Tunisia,2,2.1,0,0,0,0.0,0.0,0.0,0.0,0.0,62.1,4.0,2.0,6.0,0.0,0.0,0.0,50.0,4.0,0,17.0,64.3,5,100.0,1.0,13.0,12.0,1.0
Ali Al Hassan,MF,Saudi Arabia,1,0.5,0,0,0,0.0,0.1,0.0,0.0,0.0,57.1,2.0,0.0,1.0,0.0,0.0,0.0,0.0,1.0,0,1.0,0.0,1,100.0,2.0,1.0,2.0,0.0
Ali Al-Bulaihi,DF,Saudi Arabia,3,2.4,0,0,0,0.0,0.0,0.0,0.0,0.0,80.4,2.0,0.0,5.0,0.0,0.0,0.0,0.0,0.0,0,5.0,50.0,2,50.0,1.0,1.0,7.0,0.0
Ali Assadalla,MF,Qatar,0,0.3,0,0,0,0.0,0.0,0.0,0.0,0.0,91.3,0.0,0.0,0.0,0.0,0.0,0.0,100.0,0.0,0,1.0,0.0,0,,1.0,0.0,0.0,0.0
Ali Gholizadeh,MF,IR Iran,2,2.2,0,1,0,0.45,0.0,0.0,0.0,0.0,63.9,4.0,4.0,4.0,1.0,0.0,0.0,50.0,2.0,0,21.0,0.0,0,0.0,5.0,2.0,3.0,0.0
Ali Karimi,MF,IR Iran,1,1.1,0,0,0,0.0,0.0,0.0,0.0,0.0,75.6,4.0,1.0,3.0,0.0,0.0,0.0,0.0,0.0,0,6.0,60.0,3,50.0,0.0,1.0,6.0,0.0
Ali Maâloul,DF,Tunisia,1,1.0,0,0,0,0.0,0.0,0.0,0.0,0.0,61.9,4.0,2.0,4.0,0.0,0.0,0.0,0.0,1.0,0,5.0,0.0,1,100.0,2.0,4.0,1.0,0.0
Alidu Seidu,DF,Ghana,2,1.7,0,0,0,0.0,0.0,0.0,0.0,0.0,75.6,3.0,1.0,1.0,0.0,0.0,0.0,66.7,0.0,0,6.0,100.0,4,100.0,5.0,3.0,6.0,0.0
Alireza Beiranvand,GK,IR Iran,2,1.2,0,0,0,0.0,0.0,0.0,0.0,0.0,64.5,1.0,0.0,0.0,0.0,0.0,0.0,0.0,0.0,0,0.0,0.0,0,,0.0,2.0,0.0,0.0
Alireza Jahanbakhsh,MF,IR Iran,1,0.7,0,0,0,0.0,0.2,0.0,0.0,0.0,64.7,1.0,1.0,2.0,2.0,0.0,1.0,100.0,0.0,0,1.0,0.0,1,0.0,2.0,0.0,2.0,0.0
Alisson,GK,Brazil,4,4.2,0,0,0,0.0,0.0,0.0,0.0,0.0,86.0,1.0,0.0,0.0,0.0,0.0,0.0,0.0,0.0,0,7.0,100.0,0,,0.0,2.0,0.0,0.0
Alistair Johnston,DF,Canada,3,3.0,0,0,0,0.0,0.8,0.0,50.0,0.0,79.0,9.0,3.0,10.0,0.0,0.0,0.0,100.0,1.0,0,16.0,66.7,3,28.6,6.0,4.0,7.0,0.0
Almoez Ali,FW,Qatar,3,2.5,0,0,0,0.0,0.4,0.0,33.3,0.0,73.3,0.0,0.0,0.0,0.0,0.0,0.0,0.0,3.0,0,6.0,18.2,0,0.0,0.0,1.0,2.0,0.0
Alphonso Davies,MF,Canada,3,3.0,1,0,1,0.33,1.1,0.0,33.3,1.0,71.9,2.0,1.0,2.0,0.0,0.0,0.0,45.8,7.0,0,14.0,60.0,1,0.0,5.0,1.0,5.0,0.0
Amadou Onana,MF,Belgium,1,1.2,0,0,0,0.0,0.5,0.0,0.0,0.0,90.6,3.0,0.0,1.0,0.0,0.0,0.0,100.0,1.0,0,7.0,100.0,1,50.0,1.0,0.0,4.0,0.0
Anass Zaroury,FW,Morocco,0,0.3,0,0,0,0.0,0.0,0.0,0.0,0.0,61.5,1.0,0.0,0.0,0.0,0.0,0.0,100.0,0.0,0,3.0,0.0,0,,2.0,0.0,0.0,0.0
Andre-Frank Zambo Anguissa,MF,Cameroon,3,2.9,0,1,0,0.35,0.1,0.0,100.0,0.0,86.9,14.0,1.0,8.0,0.0,0.0,0.0,80.0,5.0,0,16.0,100.0,0,33.3,2.0,2.0,9.0,0.0
Andreas Christensen,DF,Denmark,3,3.0,1,0,0,0.33,0.4,0.0,50.0,1.0,94.4,14.0,0.0,14.0,0.0,0.0,0.0,0.0,1.0,0,20.0,60.0,2,100.0,7.0,9.0,8.0,0.0
Andreas Cornelius,FW,Denmark,1,1.0,0,0,0,0.0,1.0,0.0,40.0,0.0,61.8,0.0,0.0,1.0,0.0,0.0,0.0,100.0,1.0,0,2.0,57.9,0,,0.0,1.0,0.0,0.0
Andreas Skov Olsen,FW,Denmark,2,1.5,0,0,0,0.0,0.2,0.0,25.0,0.0,68.3,2.0,1.0,3.0,0.0,0.0,0.0,0.0,4.0,0,3.0,33.3,0,0.0,3.0,0.0,1.0,0.0
Andrej Kramarić,FW,Croatia,7,5.3,2,0,0,0.38,1.6,0.0,40.0,0.5,86.9,0.0,3.0,4.0,0.0,0.0,0.0,50.0,6.0,0,18.0,0.0,2,0.0,6.0,0.0,3.0,0.0
Andries Noppert,GK,Netherlands,5,5.3,0,0,0,0.0,0.0,0.0,0.0,0.0,81.8,0.0,0.0,0.0,0.0,0.0,0.0,0.0,0.0,0,4.0,0.0,0,,0.0,4.0,0.0,0.0
Andrija Živković,DF,Serbia,3,2.3,0,2,0,0.86,0.1,0.0,0.0,0.0,74.0,6.0,3.0,6.0,2.0,0.0,0.0,0.0,1.0,0,11.0,50.0,3,66.7,5.0,3.0,8.0,0.0
André Ayew,MF,Ghana,3,2.2,1,0,1,0.45,1.1,0.0,100.0,1.0,81.1,0.0,0.0,0.0,0.0,0.0,0.0,0.0,4.0,0,6.0,18.8,1,50.0,1.0,3.0,4.0,0.0
André Onana,GK,Cameroon,1,0.9,0,0,0,0.0,0.0,0.0,0.0,0.0,76.3,1.0,0.0,0.0,0.0,0.0,0.0,0.0,0.0,0,1.0,0.0,0,,0.0,0.0,0.0,0.0
André Silva,FW,Portugal,0,0.3,0,0,0,0.0,0.0,0.0,0.0,0.0,81.8,1.0,0.0,1.0,0.0,0.0,0.0,0.0,1.0,0,0.0,33.3,0,,0.0,0.0,0.0,0.0
Andrés Guardado,MF,Mexico,1,0.5,0,0,0,0.0,0.0,0.0,0.0,0.0,68.8,2.0,0.0,0.0,0.0,0.0,0.0,0.0,1.0,0,5.0,0.0,2,66.7,0.0,1.0,4.0,0.0
Anis Ben Slimane,MF,Tunisia,2,1.6,0,0,0,0.0,0.1,0.0,100.0,0.0,63.0,1.0,0.0,0.0,0.0,0.0,0.0,0.0,11.0,0,5.0,62.5,1,,2.0,1.0,4.0,0.0
Ansu Fati,FW,Spain,0,0.5,0,0,0,0.0,0.0,0.0,0.0,0.0,86.2,0.0,0.0,1.0,0.0,0.0,0.0,0.0,0.0,0,1.0,100.0,1,,0.0,0.0,1.0,0.0
Ante Budimir,FW,Croatia,0,0.6,0,0,0,0.0,0.2,0.0,0.0,0.0,40.0,0.0,0.0,0.0,0.0,0.0,0.0,0.0,1.0,0,0.0,33.3,1,,0.0,1.0,1.0,0.0
Anthony Contreras,FW,Costa Rica,2,1.4,0,0,0,0.0,0.0,0.0,0.0,0.0,57.7,0.0,0.0,1.0,0.0,0.0,0.0,0.0,7.0,0,4.0,45.5,2,100.0,0.0,0.0,6.0,0.0
Antoine Griezmann,MF,France,6,6.0,0,3,0,0.5,0.7,0.0,33.3,0.0,78.4,26.0,10.0,19.0,3.0,0.0,0.0,36.4,8.0,0,34.0,55.6,8,60.0,8.0,7.0,22.0,0.0
Antoine Semenyo,FW,Ghana,0,0.2,0,0,0,0.0,0.0,0.0,0.0,0.0,50.0,0.0,0.0,0.0,0.0,0.0,0.0,0.0,1.0,0,0.0,20.0,0,,0.0,0.0,0.0,0.0
Antonee Robinson,DF,United States,4,4.0,0,0,0,0.0,0.0,0.0,0.0,0.0,71.8,12.0,3.0,10.0,0.0,0.0,0.0,80.0,3.0,0,40.0,62.5,4,42.9,3.0,8.0,12.0,0.0
Antonio Rüdiger,DF,Germany,3,3.0,0,0,0,0.0,0.8,0.0,16.7,0.0,90.9,14.0,0.0,17.0,0.0,0.0,0.0,0.0,0.0,0,20.0,85.7,1,,3.0,5.0,2.0,1.0
Antony,FW,Brazil,1,1.9,0,0,0,0.0,0.2,0.0,33.3,0.0,78.9,2.0,2.0,5.0,0.0,0.0,0.0,25.0,6.0,0,12.0,33.3,0,50.0,3.0,1.0,4.0,0.0
António Silva,DF,Portugal,1,1.0,0,0,0,0.0,0.0,0.0,0.0,0.0,96.8,1.0,0.0,3.0,0.0,0.0,0.0,0.0,0.0,0,4.0,33.3,1,50.0,2.0,1.0,2.0,0.0
Ao Tanaka,MF,Japan,2,1.9,1,0,0,0.53,1.0,0.0,100.0,1.0,69.6,2.0,3.0,6.0,0.0,0.0,0.0,0.0,1.0,0,9.0,75.0,1,100.0,5.0,2.0,6.0,0.0
Ardon Jasari,FW,Switzerland,0,0.0,0,0,0,0.0,0.0,0.0,0.0,0.0,83.3,0.0,0.0,0.0,0.0,0.0,0.0,0.0,0.0,0,1.0,0.0,0,,0.0,0.0,0.0,0.0
Arkadiusz Milik,FW,Poland,1,1.1,0,0,0,0.0,0.2,0.0,0.0,0.0,65.5,0.0,0.0,0.0,0.0,0.0,0.0,100.0,1.0,0,3.0,44.4,0,0.0,1.0,0.0,0.0,0.0
Artur Jędrzejczyk,DF,Poland,0,0.2,0,0,0,0.0,0.0,0.0,0.0,0.0,75.0,1.0,0.0,0.0,0.0,0.0,0.0,0.0,0.0,0,0.0,0.0,0,,0.0,1.0,0.0,0.0
Asiri Haitham,FW,Saudi Arabia,0,0.0,0,0,0,0.0,0.0,0.0,0.0,0.0,50.0,0.0,0.0,0.0,0.0,0.0,0.0,0.0,0.0,0,0.0,0.0,0,0.0,2.0,1.0,0.0,0.0
Assim Madibo,MF,Qatar,2,1.7,0,0,0,0.0,0.0,0.0,0.0,0.0,82.9,7.0,0.0,5.0,0.0,0.0,0.0,0.0,2.0,0,15.0,100.0,3,20.0,6.0,0.0,8.0,0.0
Atiba Hutchinson,MF,Canada,2,1.8,0,0,0,0.0,0.1,0.0,0.0,0.0,89.3,12.0,0.0,13.0,0.0,0.0,0.0,100.0,2.0,0,10.0,100.0,1,100.0,3.0,3.0,5.0,0.0
Aurélien Tchouaméni,MF,France,7,6.9,1,0,0,0.14,0.3,0.0,33.3,0.5,89.9,48.0,3.0,37.0,0.0,0.0,0.0,60.0,0.0,0,44.0,71.4,4,42.9,3.0,6.0,25.0,0.0
Awer Mabil,MF,Australia,0,0.3,0,0,0,0.0,0.0,0.0,0.0,0.0,71.4,0.0,0.0,0.0,0.0,0.0,0.0,0.0,0.0,0,2.0,0.0,0,,1.0,0.0,1.0,0.0
Axel Disasi,DF,France,1,1.0,0,0,0,0.0,0.1,0.0,0.0,0.0,78.2,2.0,0.0,5.0,0.0,0.0,0.0,50.0,1.0,0,4.0,100.0,2,0.0,0.0,4.0,6.0,0.0
Axel Witsel,MF,Belgium,3,3.0,0,0,0,0.0,0.0,0.0,0.0,0.0,95.5,9.0,1.0,8.0,0.0,0.0,0.0,0.0,3.0,0,12.0,66.7,2,100.0,5.0,6.0,8.0,0.0
Ayase Ueda,FW,Japan,1,0.5,0,0,0,0.0,0.0,0.0,0.0,0.0,58.3,1.0,0.0,1.0,0.0,0.0,0.0,0.0,2.0,0,3.0,100.0,0,0.0,1.0,2.0,0.0,0.0
Aymeric Laporte,DF,Spain,3,3.3,0,0,0,0.0,0.0,0.0,0.0,0.0,94.3,26.0,2.0,14.0,0.0,0.0,0.0,0.0,0.0,0,17.0,62.5,0,100.0,0.0,7.0,5.0,0.0
Aziz Behich,DF,Australia,4,4.0,0,0,0,0.0,0.1,0.0,0.0,0.0,74.9,6.0,2.0,4.0,0.0,0.0,0.0,57.1,5.0,0,22.0,50.0,3,83.3,6.0,12.0,11.0,0.0
Azzedine Ounahi,MF,Morocco,6,6.3,0,0,0,0.0,0.3,0.0,16.7,0.0,81.5,20.0,6.0,19.0,1.0,0.0,0.0,76.9,7.0,0,38.0,25.0,8,77.8,5.0,2.0,16.0,0.0
Aïssa Laïdouni,MF,Tunisia,3,2.7,0,1,0,0.37,0.1,0.0,0.0,0.0,80.5,16.0,0.0,8.0,1.0,0.0,0.0,25.0,3.0,0,25.0,75.0,3,50.0,7.0,6.0,7.0,0.0
Baba Rahman,DF,Ghana,2,2.0,0,0,0,0.0,0.0,0.0,0.0,0.0,66.0,7.0,2.0,12.0,1.0,0.0,0.0,20.0,0.0,0,6.0,33.3,3,100.0,1.0,3.0,6.0,1.0
Badr Banoun,DF,Morocco,0,0.6,0,0,0,0.0,0.0,0.0,0.0,0.0,95.5,0.0,0.0,1.0,0.0,0.0,0.0,0.0,1.0,0,2.0,0.0,0,,1.0,3.0,1.0,0.0
Bailey Wright,DF,Australia,0,0.2,0,0,0,0.0,0.0,0.0,0.0,0.0,33.3,1.0,0.0,1.0,0.0,0.0,0.0,0.0,0.0,0,0.0,25.0,0,,0.0,2.0,0.0,0.0
Bamba Dieng,FW,Senegal,0,1.1,1,0,0,0.9,0.5,0.0,25.0,1.0,56.3,1.0,0.0,0.0,0.0,0.0,0.0,0.0,4.0,0,4.0,20.0,1,100.0,2.0,0.0,2.0,0.0
Bartosz Bereszyński,DF,Poland,4,3.8,0,0,0,0.0,0.0,0.0,0.0,0.0,78.2,2.0,3.0,5.0,0.0,0.0,0.0,14.3,3.0,0,15.0,66.7,2,50.0,4.0,17.0,8.0,0.0
Bassam Al-Rawi,DF,Qatar,1,1.0,0,0,0,0.0,0.0,0.0,0.0,0.0,82.5,6.0,0.0,6.0,0.0,0.0,0.0,100.0,1.0,0,3.0,100.0,0,0.0,0.0,7.0,0.0,0.0
Ben Davies,DF,Wales,3,2.6,0,0,0,0.0,0.3,0.0,66.7,0.0,75.8,10.0,0.0,12.0,0.0,0.0,0.0,66.7,0.0,0,20.0,63.6,2,100.0,4.0,8.0,5.0,1.0
Benjamin Pavard,DF,France,1,1.0,0,0,0,0.0,0.0,0.0,0.0,0.0,91.1,10.0,0.0,3.0,0.0,0.0,0.0,0.0,0.0,0,5.0,0.0,0,,3.0,0.0,1.0,0.0
Bernardo Silva,MF,Portugal,4,4.0,0,0,0,0.0,0.2,0.0,0.0,0.0,87.7,16.0,1.0,12.0,3.0,0.0,0.0,25.0,4.0,0,32.0,33.3,2,100.0,3.0,0.0,4.0,0.0
Bilal El Khannous,MF,Morocco,1,0.6,0,0,0,0.0,0.0,0.0,0.0,0.0,83.3,1.0,0.0,2.0,1.0,0.0,0.0,0.0,0.0,0,0.0,0.0,0,0.0,1.0,2.0,0.0,0.0
Borna Barišić,DF,Croatia,1,1.3,0,0,0,0.0,0.0,0.0,0.0,0.0,72.5,2.0,4.0,3.0,0.0,0.0,0.0,0.0,0.0,0,3.0,75.0,1,100.0,1.0,4.0,1.0,0.0
Borna Sosa,DF,Croatia,5,4.7,0,0,0,0.0,0.1,0.0,0.0,0.0,79.1,11.0,3.0,9.0,0.0,0.0,0.0,50.0,3.0,0,14.0,50.0,6,83.3,4.0,18.0,16.0,0.0
Boualem Khoukhi,DF,Qatar,3,3.0,0,0,0,0.0,0.0,0.0,0.0,0.0,85.8,2.0,0.0,4.0,0.0,0.0,0.0,0.0,1.0,0,16.0,46.2,2,50.0,6.0,18.0,5.0,1.0
Boulaye Dia,FW,Senegal,4,3.5,1,0,0,0.28,0.7,0.0,37.5,0.33,73.6,1.0,2.0,3.0,1.0,0.0,0.0,25.0,8.0,0,7.0,41.7,0,,1.0,3.0,2.0,0.0
Brandon Aguilera,MF,Costa Rica,1,1.0,0,0,0,0.0,0.0,0.0,0.0,0.0,71.1,1.0,0.0,2.0,0.0,0.0,0.0,66.7,3.0,0,8.0,66.7,0,50.0,1.0,0.0,3.0,0.0
Breel Embolo,FW,Switzerland,4,3.6,2,0,0,0.56,2.3,0.0,50.0,0.67,74.2,0.0,1.0,3.0,0.0,0.0,0.0,33.3,10.0,0,6.0,20.0,0,50.0,2.0,1.0,1.0,0.0
Brenden Aaronson,MF,United States,0,1.2,0,0,0,0.0,0.1,0.0,0.0,0.0,82.0,3.0,3.0,5.0,0.0,0.0,0.0,18.2,4.0,0,9.0,0.0,2,,5.0,0.0,4.0,0.0
Brennan Johnson,FW,Wales,0,1.0,0,0,0,0.0,0.2,0.0,33.3,0.0,58.8,0.0,0.0,1.0,1.0,0.0,0.0,0.0,2.0,0,3.0,0.0,0,0.0,1.0,1.0,0.0,0.0
Bruno Fernandes,FW,Portugal,4,4.0,2,3,1,1.26,1.1,0.0,28.6,0.5,80.7,17.0,9.0,23.0,4.0,0.0,0.0,50.0,4.0,0,23.0,20.0,3,0.0,7.0,4.0,6.0,0.0
Bruno Guimarães,MF,Brazil,0,0.8,0,0,0,0.0,0.7,0.0,40.0,0.0,79.6,3.0,0.0,4.0,0.0,0.0,0.0,100.0,2.0,0,6.0,100.0,0,,1.0,0.0,0.0,0.0
Bruno Petković,FW,Croatia,1,2.6,1,0,0,0.38,0.1,0.0,100.0,1.0,53.3,7.0,0.0,5.0,0.0,0.0,0.0,50.0,10.0,0,9.0,38.1,4,0.0,3.0,0.0,6.0,0.0
Bryan Mbeumo,FW,Cameroon,3,2.6,0,0,0,0.0,0.2,0.0,100.0,0.0,57.6,4.0,2.0,4.0,0.0,0.0,0.0,14.3,1.0,0,7.0,35.7,0,,1.0,2.0,1.0,0.0
Bryan Oviedo,DF,Costa Rica,3,2.9,0,0,0,0.0,0.0,0.0,0.0,0.0,75.3,1.0,1.0,3.0,0.0,0.0,0.0,0.0,0.0,0,14.0,100.0,5,66.7,3.0,7.0,9.0,0.0
Bryan Ruiz,MF,Costa Rica,0,0.3,0,0,0,0.0,0.0,0.0,0.0,0.0,66.7,0.0,0.0,0.0,0.0,0.0,0.0,100.0,0.0,0,1.0,50.0,1,100.0,1.0,0.0,1.0,0.0
Bukayo Saka,FW,England,4,3.2,3,0,0,0.94,0.6,0.0,71.4,0.6,77.8,3.0,7.0,8.0,1.0,0.0,0.0,18.2,3.0,0,13.0,50.0,4,50.0,5.0,2.0,9.0,0.0
Callum Wilson,FW,England,0,0.5,0,1,0,1.87,0.0,0.0,0.0,0.0,90.0,0.0,3.0,3.0,1.0,0.0,0.0,0.0,2.0,0,3.0,100.0,0,,0.0,0.0,0.0,0.0
Cameron Carter-Vickers,DF,United States,1,1.0,0,0,0,0.0,0.0,0.0,0.0,0.0,86.2,4.0,0.0,2.0,0.0,0.0,0.0,0.0,0.0,0,4.0,50.0,0,,1.0,4.0,0.0,0.0
Carlos Gruezo,MF,Ecuador,1,0.5,0,0,0,0.0,0.0,0.0,0.0,0.0,100.0,0.0,0.0,1.0,0.0,0.0,0.0,0.0,0.0,0,2.0,0.0,2,50.0,0.0,0.0,2.0,0.0
Carlos Martínez,DF,Costa Rica,1,0.5,0,0,0,0.0,0.0,0.0,0.0,0.0,66.7,0.0,0.0,0.0,0.0,0.0,0.0,0.0,1.0,0,3.0,100.0,1,50.0,1.0,1.0,2.0,0.0
Carlos Soler,MF,Spain,0,1.0,1,0,0,0.98,0.5,0.0,25.0,1.0,94.0,12.0,1.0,5.0,0.0,0.0,0.0,50.0,1.0,0,3.0,0.0,0,,0.0,0.0,0.0,0.0
Casemiro,MF,Brazil,4,4.3,1,0,0,0.23,0.4,0.0,33.3,0.33,82.9,23.0,3.0,22.0,0.0,0.0,0.0,33.3,4.0,0,22.0,50.0,4,66.7,13.0,5.0,18.0,0.0
Celso Borges,MF,Costa Rica,3,2.8,0,0,0,0.0,0.0,0.0,0.0,0.0,81.7,11.0,0.0,8.0,0.0,0.0,0.0,100.0,0.0,0,17.0,100.0,1,40.0,8.0,7.0,9.0,0.0
Charles De Ketelaere,FW,Belgium,0,0.2,0,0,0,0.0,0.0,0.0,0.0,0.0,75.0,0.0,0.0,0.0,0.0,0.0,0.0,0.0,1.0,0,3.0,0.0,0,,0.0,0.0,0.0,0.0
Charly Rodríguez,MF,Mexico,0,0.4,0,0,0,0.0,0.0,0.0,0.0,0.0,70.0,2.0,0.0,4.0,0.0,0.0,0.0,100.0,0.0,0,6.0,0.0,0,0.0,2.0,0.0,0.0,0.0
Cheikhou Kouyaté,MF,Senegal,1,0.8,0,0,0,0.0,0.0,0.0,0.0,0.0,82.6,1.0,0.0,1.0,0.0,0.0,0.0,100.0,0.0,0,5.0,33.3,0,,2.0,4.0,2.0,0.0
Cho Guesung,FW,Korea Republic,3,3.1,2,0,0,0.65,1.1,0.0,55.6,0.4,63.5,5.0,2.0,3.0,1.0,0.0,0.0,0.0,5.0,0,4.0,63.6,0,0.0,3.0,3.0,0.0,0.0
Cho Yumin,FW,Korea Republic,0,0.0,0,0,0,0.0,0.0,0.0,0.0,0.0,0.0,0.0,0.0,0.0,0.0,0.0,0.0,0.0,0.0,0,0.0,0.0,0,,0.0,0.0,0.0,0.0
Chris Mepham,DF,Wales,3,3.0,0,0,0,0.0,0.0,0.0,0.0,0.0,82.0,7.0,2.0,9.0,0.0,0.0,0.0,0.0,0.0,0,8.0,77.8,6,83.3,3.0,16.0,9.0,0.0
Christian Bassogog,MF,Cameroon,0,0.3,0,0,0,0.0,0.0,0.0,0.0,0.0,55.6,0.0,0.0,0.0,0.0,0.0,0.0,50.0,0.0,0,2.0,0.0,0,,0.0,0.0,1.0,0.0
Christian Eriksen,MF,Denmark,3,3.0,0,0,0,0.0,0.2,0.0,25.0,0.0,81.7,20.0,1.0,16.0,0.0,0.0,0.0,0.0,3.0,0,30.0,0.0,0,,5.0,1.0,1.0,0.0
Christian Fassnacht,FW,Switzerland,0,0.1,0,0,0,0.0,0.2,0.0,100.0,0.0,70.0,1.0,0.0,0.0,0.0,0.0,0.0,100.0,0.0,0,2.0,0.0,0,,0.0,1.0,0.0,0.0
Christian Nørgaard,MF,Denmark,0,0.1,0,0,0,0.0,0.0,0.0,0.0,0.0,93.3,4.0,0.0,0.0,0.0,0.0,0.0,0.0,0.0,0,2.0,0.0,0,,0.0,0.0,0.0,0.0
Christian Pulisic,FW,United States,4,3.5,1,2,0,0.86,1.1,0.0,55.6,0.2,58.9,9.0,4.0,15.0,2.0,0.0,0.0,26.7,10.0,0,11.0,33.3,0,0.0,2.0,1.0,2.0,0.0
Christopher Wooh,DF,Cameroon,1,1.0,0,0,0,0.0,0.0,0.0,0.0,0.0,80.6,0.0,0.0,1.0,0.0,0.0,0.0,0.0,2.0,0,0.0,0.0,0,50.0,3.0,6.0,2.0,0.0
Cody Gakpo,FW,Netherlands,5,5.0,3,0,0,0.6,0.3,0.0,60.0,1.0,62.8,7.0,4.0,9.0,2.0,0.0,0.0,38.5,9.0,0,19.0,50.0,2,75.0,10.0,6.0,11.0,0.0
Collins Fai,DF,Cameroon,3,3.0,0,0,0,0.0,0.0,0.0,0.0,0.0,67.8,14.0,1.0,6.0,1.0,0.0,0.0,0.0,0.0,0,21.0,50.0,2,50.0,2.0,7.0,9.0,0.0
Connor Roberts,DF,Wales,2,2.2,0,0,0,0.0,0.0,0.0,0.0,0.0,78.0,3.0,2.0,7.0,0.0,0.0,0.0,0.0,0.0,0,8.0,50.0,3,66.7,2.0,7.0,4.0,0.0
Craig Goodwin,MF,Australia,3,2.6,1,1,0,0.77,0.3,0.0,50.0,1.0,61.1,6.0,2.0,5.0,0.0,0.0,0.0,0.0,3.0,0,14.0,16.7,3,40.0,3.0,3.0,4.0,0.0
Cristian Romero,DF,Argentina,6,6.1,0,0,0,0.0,0.0,0.0,0.0,0.0,89.9,12.0,0.0,11.0,1.0,0.0,0.0,100.0,1.0,0,35.0,60.0,3,50.0,6.0,26.0,9.0,0.0
Cristiano Ronaldo,FW,Portugal,3,3.2,1,0,1,0.31,1.6,0.0,20.0,0.0,75.6,3.0,1.0,4.0,2.0,0.0,0.0,0.0,5.0,0,6.0,66.7,0,,0.0,1.0,0.0,1.0
Cyle Larin,FW,Canada,2,1.5,0,0,0,0.0,0.2,0.0,33.3,0.0,72.4,4.0,3.0,4.0,1.0,0.0,0.0,25.0,2.0,0,4.0,66.7,0,0.0,0.0,2.0,0.0,0.0
César Azpilicueta,DF,Spain,2,1.5,0,1,0,0.67,0.0,0.0,0.0,0.0,94.5,13.0,3.0,8.0,1.0,0.0,0.0,0.0,1.0,0,5.0,50.0,0,,2.0,0.0,2.0,0.0
César Montes,DF,Mexico,3,3.0,0,1,0,0.33,0.2,0.0,0.0,0.0,80.7,10.0,0.0,8.0,2.0,0.0,0.0,100.0,0.0,0,13.0,58.3,3,100.0,0.0,11.0,8.0,0.0
Daichi Kamada,FW,Japan,4,3.6,0,0,0,0.0,0.6,0.0,16.7,0.0,79.8,13.0,2.0,6.0,0.0,0.0,0.0,75.0,7.0,0,10.0,60.0,3,50.0,3.0,3.0,7.0,0.0
Daizen Maeda,FW,Japan,3,2.0,1,0,0,0.5,0.5,0.0,50.0,1.0,47.1,0.0,0.0,0.0,0.0,0.0,0.0,0.0,0.0,0,4.0,14.3,2,0.0,4.0,0.0,6.0,0.0
Daley Blind,DF,Netherlands,5,4.7,1,1,0,0.43,0.4,0.0,40.0,0.5,84.0,25.0,4.0,21.0,1.0,0.0,0.0,50.0,1.0,0,24.0,41.7,9,66.7,6.0,4.0,19.0,0.0
Damian Szymański,MF,Poland,0,0.3,0,0,0,0.0,0.0,0.0,0.0,0.0,100.0,0.0,0.0,0.0,0.0,0.0,0.0,0.0,0.0,0,0.0,0.0,0,0.0,0.0,0.0,1.0,0.0
Dani Alves,DF,Brazil,1,1.3,0,0,0,0.0,0.2,0.0,0.0,0.0,85.6,7.0,3.0,5.0,0.0,0.0,0.0,50.0,2.0,0,9.0,50.0,4,40.0,1.0,2.0,7.0,0.0
Dani Carvajal,DF,Spain,1,1.5,0,0,0,0.0,0.0,0.0,0.0,0.0,89.6,9.0,0.0,3.0,0.0,0.0,0.0,0.0,0.0,0,9.0,0.0,1,0.0,0.0,1.0,3.0,0.0
Dani Olmo,FW,Spain,4,4.1,1,1,0,0.49,1.4,0.0,50.0,0.17,81.8,6.0,8.0,9.0,3.0,0.0,0.0,21.1,7.0,0,15.0,0.0,3,50.0,5.0,4.0,6.0,0.0
Daniel Amartey,DF,Ghana,3,2.8,0,0,0,0.0,0.2,0.0,0.0,0.0,90.8,10.0,0.0,8.0,0.0,0.0,0.0,100.0,1.0,0,15.0,55.6,4,100.0,4.0,12.0,9.0,0.0
Daniel Chacón,MF,Costa Rica,0,0.0,0,0,0,0.0,0.0,0.0,0.0,0.0,100.0,0.0,0.0,0.0,0.0,0.0,0.0,0.0,0.0,0,0.0,100.0,0,,0.0,1.0,0.0,0.0
Daniel James,FW,Wales,2,1.7,0,0,0,0.0,0.0,0.0,0.0,0.0,66.7,0.0,1.0,1.0,0.0,0.0,0.0,25.0,1.0,0,4.0,0.0,1,0.0,2.0,1.0,1.0,0.0
Daniel Kyereh,MF,Ghana,0,0.4,0,0,0,0.0,0.0,0.0,0.0,0.0,78.3,2.0,0.0,1.0,0.0,0.0,0.0,100.0,2.0,0,3.0,0.0,2,100.0,0.0,4.0,2.0,0.0
Danilo,DF,Brazil,3,3.1,0,0,0,0.0,0.0,0.0,0.0,0.0,85.5,21.0,2.0,16.0,0.0,0.0,0.0,100.0,1.0,0,17.0,80.0,2,66.7,2.0,5.0,8.0,1.0
Danilo Pereira,DF,Portugal,1,1.0,0,0,0,0.0,0.0,0.0,0.0,0.0,87.2,4.0,0.0,3.0,0.0,0.0,0.0,100.0,1.0,0,4.0,83.3,2,100.0,1.0,3.0,5.0,1.0
Danny Ward,GK,Wales,1,1.0,0,0,0,0.0,0.0,0.0,0.0,0.0,61.5,2.0,0.0,0.0,0.0,0.0,0.0,0.0,0.0,0,2.0,0.0,0,,0.0,0.0,0.0,1.0
Darko Lazović,DF,Serbia,0,0.3,0,0,0,0.0,0.0,0.0,0.0,0.0,58.3,0.0,0.0,0.0,0.0,0.0,0.0,0.0,0.0,0,0.0,0.0,0,,0.0,0.0,0.0,0.0
Darwin Núñez,FW,Uruguay,3,2.7,0,0,0,0.0,0.4,0.0,33.3,0.0,62.5,0.0,1.0,1.0,1.0,0.0,0.0,0.0,6.0,0,6.0,33.3,2,50.0,2.0,2.0,3.0,0.0
David Raum,DF,Germany,3,2.7,0,1,0,0.37,0.0,0.0,0.0,0.0,78.5,9.0,6.0,13.0,2.0,0.0,0.0,50.0,3.0,0,12.0,62.5,3,50.0,10.0,2.0,13.0,0.0
David Wotherspoon,MF,Canada,0,0.2,0,0,0,0.0,0.0,0.0,0.0,0.0,57.1,1.0,0.0,0.0,0.0,0.0,0.0,100.0,0.0,0,3.0,0.0,0,,1.0,0.0,0.0,0.0
Davy Klaassen,MF,Netherlands,3,2.1,1,2,0,1.42,0.2,0.0,50.0,1.0,76.6,6.0,1.0,4.0,2.0,0.0,0.0,0.0,3.0,0,14.0,50.0,2,100.0,2.0,2.0,4.0,0.0
Dayot Upamecano,DF,France,5,5.3,0,0,0,0.0,0.0,0.0,0.0,0.0,89.5,28.0,0.0,19.0,3.0,0.0,0.0,0.0,1.0,0,33.0,50.0,7,100.0,5.0,13.0,17.0,0.0
DeAndre Yedlin,DF,United States,0,0.4,0,0,0,0.0,0.0,0.0,0.0,0.0,67.9,1.0,0.0,0.0,1.0,0.0,0.0,0.0,0.0,0,1.0,100.0,1,100.0,0.0,2.0,2.0,0.0
Declan Rice,MF,England,5,4.6,0,0,0,0.0,0.0,0.0,0.0,0.0,93.2,18.0,2.0,14.0,0.0,0.0,0.0,0.0,2.0,0,29.0,50.0,5,0.0,4.0,5.0,17.0,0.0
Dejan Lovren,DF,Croatia,6,6.7,0,1,0,0.15,0.3,0.0,0.0,0.0,88.0,14.0,1.0,16.0,1.0,0.0,0.0,0.0,0.0,0,31.0,73.9,2,60.0,7.0,29.0,13.0,0.0
Denis Odoi,DF,Ghana,0,0.1,0,0,0,0.0,0.0,0.0,0.0,0.0,100.0,0.0,0.0,0.0,0.0,0.0,0.0,0.0,0.0,0,0.0,0.0,0,100.0,2.0,2.0,1.0,0.0
Denis Zakaria,MF,Switzerland,0,0.7,0,0,0,0.0,0.0,0.0,0.0,0.0,87.0,3.0,0.0,2.0,0.0,0.0,0.0,0.0,1.0,0,5.0,33.3,0,,1.0,1.0,3.0,0.0
Denzel Dumfries,DF,Netherlands,5,5.3,1,2,0,0.56,0.4,0.0,100.0,1.0,68.7,7.0,6.0,15.0,2.0,0.0,0.0,0.0,7.0,1,16.0,47.4,5,83.3,5.0,6.0,15.0,0.0
Devis Epassy,GK,Cameroon,2,2.0,0,0,0,0.0,0.0,0.0,0.0,0.0,68.7,2.0,0.0,0.0,0.0,0.0,0.0,0.0,0.0,0,1.0,100.0,0,,0.0,2.0,0.0,0.0
Diego Godín,DF,Uruguay,2,1.7,0,0,0,0.0,0.1,0.0,0.0,0.0,84.5,7.0,0.0,3.0,0.0,0.0,0.0,0.0,0.0,0,6.0,80.0,0,,0.0,9.0,1.0,0.0
Diogo Costa,GK,Portugal,5,5.0,0,0,0,0.0,0.0,0.0,0.0,0.0,70.6,3.0,0.0,0.0,0.0,0.0,0.0,0.0,1.0,0,9.0,0.0,0,,0.0,4.0,1.0,1.0
Diogo Dalot,DF,Portugal,3,2.9,0,2,0,0.7,0.0,0.0,100.0,0.0,76.2,7.0,4.0,7.0,2.0,1.0,0.0,33.3,1.0,0,13.0,66.7,6,100.0,7.0,1.0,10.0,0.0
Djibril Sow,MF,Switzerland,4,2.9,0,1,0,0.34,0.2,0.0,0.0,0.0,86.6,5.0,4.0,9.0,2.0,0.0,0.0,0.0,2.0,0,9.0,33.3,1,0.0,0.0,0.0,4.0,0.0
Djorkaeff Reasco,FW,Ecuador,0,0.3,0,0,0,0.0,0.0,0.0,0.0,0.0,100.0,1.0,0.0,0.0,0.0,0.0,0.0,0.0,1.0,0,1.0,0.0,0,,0.0,0.0,0.0,0.0
Dominik Livaković,GK,Croatia,7,7.7,0,0,0,0.0,0.0,0.0,0.0,0.0,85.1,3.0,0.0,0.0,0.0,0.0,0.0,0.0,0.0,0,11.0,100.0,0,0.0,0.0,0.0,0.0,0.0
Dries Mertens,MF,Belgium,1,0.8,0,0,0,0.0,0.8,0.0,33.3,0.0,66.7,1.0,0.0,1.0,0.0,0.0,0.0,100.0,0.0,0,2.0,0.0,0,66.7,0.0,0.0,2.0,0.0
Dušan Tadić,MF,Serbia,3,2.9,0,2,0,0.7,0.1,0.0,0.0,0.0,70.9,8.0,9.0,14.0,2.0,0.0,0.0,50.0,3.0,0,10.0,0.0,2,66.7,4.0,0.0,5.0,0.0
Dušan Vlahović,FW,Serbia,1,0.9,1,0,0,1.14,0.8,0.0,100.0,0.33,54.5,0.0,0.0,1.0,0.0,0.0,0.0,0.0,1.0,0,3.0,50.0,0,100.0,0.0,0.0,1.0,0.0
Dylan Bronn,DF,Tunisia,2,1.8,0,0,0,0.0,0.1,0.0,0.0,0.0,76.5,4.0,0.0,5.0,0.0,0.0,0.0,0.0,2.0,0,7.0,33.3,2,100.0,2.0,0.0,4.0,0.0
Eden Hazard,MF,Belgium,2,1.4,0,0,0,0.0,0.1,0.0,100.0,0.0,79.3,5.0,0.0,6.0,0.0,0.0,0.0,50.0,5.0,0,7.0,50.0,0,,1.0,0.0,1.0,0.0
Ederson,GK,Brazil,1,1.0,0,0,0,0.0,0.0,0.0,0.0,0.0,90.3,0.0,0.0,0.0,0.0,0.0,0.0,0.0,0.0,0,2.0,0.0,0,,0.0,0.0,0.0,0.0
Edimilson Fernandes,FW,Switzerland,1,1.6,0,0,0,0.0,0.0,0.0,0.0,0.0,79.3,2.0,0.0,3.0,0.0,0.0,0.0,0.0,3.0,0,14.0,0.0,1,0.0,3.0,3.0,4.0,0.0
Edinson Cavani,FW,Uruguay,1,1.4,0,0,0,0.0,0.3,0.0,0.0,0.0,73.0,2.0,2.0,3.0,0.0,0.0,0.0,100.0,0.0,0,6.0,66.7,0,,0.0,0.0,0.0,0.0
Edouard Mendy,GK,Senegal,4,4.0,0,0,0,0.0,0.0,0.0,0.0,0.0,73.3,1.0,0.0,0.0,0.0,0.0,0.0,0.0,0.0,0,4.0,75.0,0,,1.0,3.0,0.0,1.0
Edson Álvarez,MF,Mexico,2,1.9,0,0,0,0.0,0.0,0.0,100.0,0.0,75.4,3.0,1.0,2.0,0.0,0.0,0.0,100.0,2.0,0,10.0,68.8,2,33.3,1.0,2.0,7.0,0.0
Eduardo Camavinga,DF,France,1,1.6,0,0,0,0.0,0.0,0.0,0.0,0.0,88.0,3.0,2.0,3.0,0.0,0.0,0.0,25.0,3.0,0,15.0,100.0,9,80.0,4.0,6.0,17.0,0.0
Ehsan Hajsafi,MF,IR Iran,3,2.6,0,0,0,0.0,0.2,0.0,0.0,0.0,62.2,6.0,1.0,6.0,0.0,0.0,0.0,0.0,1.0,0,10.0,100.0,3,60.0,3.0,2.0,8.0,0.0
Ellyes Skhiri,MF,Tunisia,3,3.0,0,0,0,0.0,0.1,0.0,0.0,0.0,85.8,14.0,2.0,13.0,1.0,0.0,0.0,33.3,1.0,0,18.0,100.0,3,71.4,2.0,3.0,17.0,0.0
Emiliano Martínez,GK,Argentina,7,7.7,0,0,0,0.0,0.0,0.0,0.0,0.0,64.2,1.0,0.0,0.0,0.0,0.0,0.0,0.0,0.0,0,4.0,100.0,0,,0.0,3.0,0.0,0.0
Enner Valencia,FW,Ecuador,3,2.8,3,0,1,1.06,2.3,0.0,37.5,0.67,70.2,2.0,1.0,1.0,1.0,0.0,0.0,28.6,6.0,0,8.0,20.0,0,0.0,3.0,2.0,3.0,0.0
Enzo Ebosse,DF,Cameroon,1,1.0,0,0,0,0.0,0.0,0.0,0.0,0.0,89.5,2.0,0.0,2.0,0.0,0.0,0.0,0.0,0.0,0,1.0,100.0,2,100.0,1.0,5.0,4.0,0.0
Enzo Fernández,MF,Argentina,5,6.3,1,1,0,0.32,0.3,0.0,37.5,0.33,87.5,43.0,9.0,24.0,4.0,1.0,0.0,50.0,7.0,0,39.0,75.0,15,58.3,7.0,7.0,25.0,0.0
Eray Cömert,DF,Switzerland,0,0.5,0,0,0,0.0,0.0,0.0,0.0,0.0,90.5,1.0,0.0,1.0,0.0,0.0,0.0,0.0,0.0,0,4.0,0.0,0,0.0,1.0,2.0,2.0,0.0
Eric Dier,DF,England,0,0.4,0,0,0,0.0,0.0,0.0,0.0,0.0,97.6,1.0,0.0,0.0,0.0,0.0,0.0,0.0,0.0,0,3.0,50.0,1,,0.0,0.0,1.0,0.0
Eric Maxim Choupo-Moting,FW,Cameroon,3,2.8,1,0,0,0.36,0.8,0.0,66.7,0.5,66.7,5.0,1.0,5.0,0.0,0.0,0.0,37.5,2.0,0,8.0,64.7,2,50.0,0.0,1.0,5.0,0.0
Erick Gutiérrez,MF,Mexico,0,0.5,0,0,0,0.0,0.0,0.0,0.0,0.0,82.8,2.0,0.0,1.0,0.0,0.0,0.0,0.0,0.0,0,3.0,100.0,1,33.3,0.0,1.0,3.0,0.0
Ethan Ampadu,MF,Wales,3,2.8,0,0,0,0.0,0.0,0.0,0.0,0.0,75.0,16.0,1.0,14.0,0.0,0.0,0.0,66.7,3.0,0,16.0,37.5,3,0.0,9.0,10.0,8.0,0.0
Everton Ribeiro,MF,Brazil,0,0.4,0,0,0,0.0,0.0,0.0,0.0,0.0,83.3,2.0,1.0,2.0,0.0,0.0,0.0,0.0,1.0,0,0.0,0.0,0,100.0,0.0,0.0,1.0,0.0
Exequiel Palacios,MF,Argentina,0,0.6,0,0,0,0.0,0.1,0.0,0.0,0.0,89.3,5.0,1.0,3.0,0.0,0.0,0.0,0.0,2.0,0,6.0,0.0,0,0.0,0.0,1.0,2.0,0.0
Fabian Frei,MF,Switzerland,0,0.3,0,0,0,0.0,0.0,0.0,0.0,0.0,64.3,0.0,0.0,0.0,0.0,0.0,0.0,0.0,2.0,0,2.0,0.0,1,0.0,0.0,0.0,2.0,0.0
Fabian Rieder,FW,Switzerland,1,0.8,0,0,0,0.0,0.0,0.0,0.0,0.0,50.0,1.0,0.0,1.0,0.0,0.0,0.0,100.0,2.0,0,4.0,0.0,2,50.0,2.0,1.0,3.0,0.0
Fabian Schär,DF,Switzerland,2,1.5,0,0,0,0.0,0.1,0.0,0.0,0.0,79.3,4.0,0.0,2.0,0.0,0.0,0.0,0.0,1.0,0,7.0,50.0,1,100.0,1.0,7.0,4.0,0.0
Fabinho,MF,Brazil,1,1.0,0,0,0,0.0,0.0,0.0,0.0,0.0,89.5,4.0,0.0,6.0,0.0,0.0,0.0,0.0,0.0,0,9.0,14.3,2,100.0,0.0,2.0,4.0,0.0
Facundo Pellistri,MF,Uruguay,2,2.0,0,0,0,0.0,0.2,0.0,0.0,0.0,69.6,1.0,1.0,2.0,0.0,0.0,0.0,0.0,3.0,0,9.0,0.0,1,50.0,1.0,2.0,2.0,0.0
Famara Diedhiou,FW,Senegal,1,1.0,1,0,0,0.98,0.2,0.0,33.3,1.0,71.4,1.0,1.0,1.0,0.0,0.0,0.0,0.0,2.0,0,3.0,55.6,0,0.0,0.0,2.0,0.0,0.0
Federico Valverde,MF,Uruguay,3,3.0,0,0,0,0.0,0.2,0.0,14.3,0.0,84.1,21.0,3.0,17.0,0.0,0.0,0.0,25.0,2.0,0,19.0,25.0,4,83.3,6.0,1.0,12.0,0.0
Ferjani Sassi,MF,Tunisia,0,0.5,0,0,0,0.0,0.0,0.0,0.0,0.0,73.5,5.0,1.0,4.0,0.0,0.0,0.0,66.7,0.0,0,5.0,100.0,0,100.0,1.0,0.0,3.0,0.0
Ferrán Torres,FW,Spain,3,2.4,2,0,1,0.83,1.0,0.0,33.3,1.0,69.4,1.0,3.0,6.0,1.0,0.0,0.0,9.1,7.0,0,8.0,0.0,0,0.0,1.0,0.0,0.0,0.0
Filip Kostić,DF,Serbia,2,2.0,0,0,0,0.0,0.0,0.0,0.0,0.0,63.7,3.0,2.0,6.0,1.0,0.0,0.0,0.0,1.0,0,12.0,0.0,3,100.0,3.0,1.0,6.0,0.0
Filip Mladenović,DF,Serbia,1,0.7,0,0,0,0.0,0.0,0.0,0.0,0.0,80.0,2.0,0.0,1.0,0.0,0.0,0.0,0.0,0.0,0,4.0,100.0,0,0.0,1.0,1.0,0.0,0.0
Filip Đuričić,MF,Serbia,0,0.2,0,0,0,0.0,0.0,0.0,0.0,0.0,83.3,0.0,0.0,0.0,0.0,0.0,0.0,0.0,0.0,0,0.0,66.7,0,,0.0,0.0,0.0,0.0
Firas Al-Buraikan,MF,Saudi Arabia,3,3.0,0,1,0,0.34,0.1,0.0,0.0,0.0,66.7,1.0,4.0,5.0,0.0,0.0,0.0,14.3,3.0,0,7.0,41.7,3,100.0,5.0,4.0,5.0,0.0
Fodé Ballo-Touré,DF,Senegal,0,0.1,0,0,0,0.0,0.0,0.0,0.0,0.0,62.5,0.0,0.0,0.0,0.0,0.0,0.0,0.0,0.0,0,0.0,100.0,0,,1.0,0.0,0.0,0.0
Fran Karačić,DF,Australia,1,1.0,0,0,0,0.0,0.2,0.0,0.0,0.0,61.1,5.0,3.0,7.0,0.0,0.0,0.0,0.0,0.0,0,9.0,50.0,1,100.0,2.0,3.0,4.0,0.0
Francisco Calvo,DF,Costa Rica,2,2.0,0,0,0,0.0,0.0,0.0,0.0,0.0,82.7,4.0,0.0,5.0,0.0,0.0,0.0,100.0,1.0,0,12.0,66.7,4,57.1,3.0,2.0,9.0,0.0
Fred,MF,Brazil,2,1.6,0,0,0,0.0,0.3,0.0,33.3,0.0,85.5,6.0,4.0,11.0,0.0,0.0,0.0,0.0,1.0,0,7.0,0.0,3,50.0,1.0,3.0,3.0,0.0
Frenkie de Jong,MF,Netherlands,5,5.3,1,1,0,0.38,0.9,0.0,50.0,1.0,88.7,23.0,2.0,17.0,2.0,0.0,0.0,50.0,4.0,0,30.0,88.9,5,33.3,6.0,3.0,18.0,0.0
Félix Torres Caicedo,DF,Ecuador,3,3.0,0,1,0,0.33,0.1,0.0,0.0,0.0,80.8,3.0,0.0,2.0,1.0,0.0,1.0,0.0,0.0,0,17.0,69.2,2,66.7,3.0,10.0,6.0,0.0
Gabriel Jesus,FW,Brazil,1,1.0,0,0,0,0.0,0.4,0.0,50.0,0.0,78.6,3.0,2.0,5.0,0.0,0.0,0.0,50.0,0.0,0,2.0,50.0,1,,0.0,0.0,4.0,0.0
Garang Kuol,FW,Australia,0,0.4,0,0,0,0.0,0.4,0.0,100.0,0.0,60.0,0.0,0.0,0.0,0.0,0.0,0.0,0.0,0.0,0,0.0,33.3,0,,0.0,0.0,1.0,0.0
Gareth Bale,FW,Wales,3,2.5,1,0,1,0.4,0.8,0.0,100.0,0.0,62.3,2.0,1.0,4.0,1.0,0.0,0.0,33.3,4.0,0,9.0,36.4,1,0.0,1.0,1.0,2.0,0.0
Gavi,MF,Spain,4,3.2,1,0,0,0.32,0.1,0.0,100.0,1.0,86.4,6.0,2.0,4.0,1.0,0.0,0.0,42.9,5.0,0,7.0,28.6,4,40.0,3.0,2.0,9.0,0.0
Gaël Ondoua,MF,Cameroon,0,0.5,0,0,0,0.0,0.0,0.0,0.0,0.0,89.5,3.0,0.0,4.0,0.0,0.0,0.0,0.0,1.0,0,2.0,33.3,1,100.0,1.0,0.0,4.0,0.0
Georges-Kévin N'Koudou,FW,Cameroon,0,0.3,0,0,0,0.0,0.0,0.0,100.0,0.0,75.0,1.0,0.0,1.0,0.0,0.0,0.0,0.0,2.0,0,3.0,0.0,0,,0.0,0.0,0.0,0.0
Germán Pezzella,DF,Argentina,0,0.7,0,0,0,0.0,0.1,0.0,0.0,0.0,93.3,1.0,0.0,1.0,0.0,0.0,0.0,0.0,0.0,0,1.0,0.0,0,,0.0,0.0,0.0,0.0
Gerson Torres,MF,Costa Rica,1,0.7,0,0,0,0.0,0.0,0.0,0.0,0.0,100.0,0.0,0.0,0.0,0.0,0.0,0.0,0.0,4.0,0,4.0,0.0,0,0.0,1.0,0.0,0.0,0.0
Ghaylène Chaalali,MF,Tunisia,0,0.2,0,0,0,0.0,0.0,0.0,0.0,0.0,75.0,1.0,0.0,1.0,0.0,0.0,0.0,0.0,1.0,0,2.0,100.0,0,,1.0,1.0,2.0,0.0
Gideon Mensah,DF,Ghana,1,1.0,0,1,0,1.03,0.0,0.0,0.0,0.0,78.3,2.0,1.0,3.0,1.0,0.0,0.0,0.0,1.0,0,4.0,66.7,1,100.0,1.0,5.0,3.0,0.0
Gio Reyna,FW,United States,0,0.6,0,0,0,0.0,0.1,0.0,0.0,0.0,68.4,1.0,1.0,1.0,0.0,0.0,0.0,0.0,1.0,0,1.0,100.0,0,,1.0,0.0,0.0,0.0
Giorgian De Arrascaeta,MF,Uruguay,1,1.2,2,0,0,1.67,1.2,0.0,100.0,0.67,61.5,3.0,3.0,4.0,0.0,0.0,0.0,0.0,4.0,0,7.0,0.0,1,0.0,1.0,1.0,5.0,0.0
Gleison Bremer,DF,Brazil,1,1.2,0,0,0,0.0,0.2,0.0,0.0,0.0,92.9,1.0,0.0,1.0,0.0,0.0,0.0,0.0,0.0,0,9.0,100.0,1,0.0,1.0,6.0,2.0,0.0
Gonzalo Montiel,DF,Argentina,1,1.3,0,0,0,0.0,0.0,0.0,0.0,0.0,85.2,4.0,0.0,2.0,0.0,0.0,0.0,0.0,2.0,0,3.0,33.3,2,50.0,1.0,1.0,4.0,0.0
Gonzalo Plata,MF,Ecuador,3,3.0,0,0,0,0.0,0.1,0.0,50.0,0.0,74.0,3.0,1.0,2.0,0.0,0.0,0.0,33.3,3.0,0,10.0,45.5,2,25.0,3.0,0.0,5.0,0.0
Gonçalo Ramos,FW,Portugal,2,1.7,3,1,0,2.37,1.6,0.0,71.4,0.6,80.6,1.0,2.0,2.0,1.0,0.0,0.0,0.0,0.0,0,2.0,40.0,1,50.0,0.0,2.0,1.0,0.0
Granit Xhaka,MF,Switzerland,4,4.0,0,0,0,0.0,0.3,0.0,50.0,0.0,88.5,21.0,3.0,25.0,0.0,0.0,0.0,50.0,3.0,0,21.0,58.3,4,66.7,3.0,7.0,8.0,0.0
Gregor Kobel,GK,Switzerland,1,1.0,0,0,0,0.0,0.0,0.0,0.0,0.0,72.4,0.0,0.0,0.0,0.0,0.0,0.0,0.0,0.0,0,2.0,0.0,0,,0.0,0.0,0.0,0.0
Grzegorz Krychowiak,MF,Poland,4,3.7,0,0,0,0.0,0.0,0.0,0.0,0.0,73.2,8.0,1.0,7.0,0.0,0.0,0.0,33.3,0.0,0,23.0,57.1,4,14.3,5.0,4.0,14.0,0.0
Guido Rodríguez,MF,Argentina,1,0.6,0,0,0,0.0,0.0,0.0,0.0,0.0,84.4,2.0,0.0,1.0,0.0,0.0,0.0,0.0,0.0,0,2.0,100.0,0,100.0,1.0,1.0,2.0,0.0
Guillermo Ochoa,GK,Mexico,3,3.0,0,0,0,0.0,0.0,0.0,0.0,0.0,85.3,1.0,0.0,0.0,0.0,0.0,0.0,0.0,0.0,0,7.0,0.0,0,,0.0,0.0,0.0,0.0
Guillermo Varela,DF,Uruguay,2,2.0,0,0,0,0.0,0.0,0.0,0.0,0.0,67.4,3.0,2.0,6.0,0.0,0.0,0.0,0.0,1.0,0,8.0,33.3,2,75.0,1.0,1.0,6.0,0.0
Haji Wright,FW,United States,1,1.5,1,0,0,0.66,0.5,0.0,33.3,0.5,74.1,2.0,1.0,2.0,0.0,0.0,0.0,0.0,0.0,0,4.0,46.2,0,100.0,0.0,1.0,2.0,0.0
Hakim Ziyech,FW,Morocco,7,7.1,1,1,0,0.28,0.4,0.0,20.0,0.5,69.0,16.0,7.0,24.0,3.0,1.0,0.0,41.4,11.0,0,29.0,33.3,7,36.4,10.0,4.0,20.0,1.0
Hannibal Mejbri,MF,Tunisia,0,0.1,0,0,0,0.0,0.0,0.0,0.0,0.0,100.0,0.0,0.0,0.0,0.0,0.0,0.0,0.0,0.0,0,1.0,0.0,0,,0.0,0.0,2.0,0.0
Haris Seferović,FW,Switzerland,0,0.8,0,0,0,0.0,0.2,0.0,0.0,0.0,71.4,0.0,0.0,1.0,0.0,0.0,0.0,0.0,0.0,0,1.0,0.0,0,,2.0,0.0,0.0,0.0
Harry Kane,FW,England,5,4.5,2,3,2,1.12,2.7,0.0,50.0,0.2,63.3,12.0,5.0,16.0,3.0,0.0,0.0,50.0,5.0,0,16.0,40.9,1,100.0,2.0,5.0,2.0,0.0
Harry Maguire,DF,England,5,4.8,0,1,0,0.21,0.4,0.0,16.7,0.0,87.0,23.0,1.0,19.0,1.0,0.0,0.0,100.0,0.0,0,17.0,75.0,3,50.0,4.0,18.0,11.0,0.0
Harry Souttar,DF,Australia,4,4.0,0,0,0,0.0,0.1,0.0,0.0,0.0,82.6,9.0,0.0,5.0,1.0,0.0,0.0,0.0,0.0,0,17.0,66.7,0,66.7,7.0,22.0,10.0,0.0
Harry Wilson,MF,Wales,2,1.8,0,0,0,0.0,0.1,0.0,0.0,0.0,75.0,3.0,2.0,2.0,0.0,0.0,0.0,0.0,0.0,0,10.0,33.3,2,100.0,1.0,3.0,5.0,0.0
Hassan Al Tambakti,DF,Saudi Arabia,2,2.0,0,0,0,0.0,0.0,0.0,0.0,0.0,72.7,1.0,0.0,3.0,0.0,0.0,0.0,0.0,0.0,0,9.0,50.0,2,60.0,3.0,6.0,7.0,0.0
Hassan Al-Haydos,MF,Qatar,3,2.3,0,0,0,0.0,0.0,0.0,100.0,0.0,81.3,5.0,2.0,6.0,0.0,0.0,0.0,33.3,3.0,0,12.0,0.0,1,25.0,0.0,1.0,6.0,0.0
Hattan Bahebri,MF,Saudi Arabia,0,0.0,0,1,0,22.5,0.0,0.0,0.0,0.0,57.1,0.0,0.0,0.0,1.0,0.0,0.0,0.0,0.0,0,1.0,100.0,0,,0.0,0.0,0.0,0.0
Henry Martín,FW,Mexico,2,1.6,1,0,0,0.62,0.9,0.0,50.0,0.5,65.0,0.0,0.0,0.0,1.0,0.0,0.0,100.0,2.0,0,4.0,60.0,1,50.0,2.0,1.0,3.0,0.0
Hernán Galíndez,GK,Ecuador,3,3.0,0,0,0,0.0,0.0,0.0,0.0,0.0,59.5,0.0,0.0,0.0,0.0,0.0,0.0,0.0,0.0,0,3.0,100.0,0,,0.0,0.0,0.0,0.0
Hidemasa Morita,MF,Japan,3,3.2,0,0,0,0.0,0.2,0.0,33.3,0.0,82.2,14.0,2.0,11.0,0.0,0.0,0.0,0.0,5.0,0,21.0,41.7,0,,9.0,4.0,3.0,0.0
Hiroki Ito,DF,Japan,0,0.5,0,0,0,0.0,0.0,0.0,0.0,0.0,92.1,8.0,0.0,5.0,0.0,0.0,0.0,0.0,0.0,0,2.0,100.0,0,,0.0,0.0,0.0,0.0
Hiroki Sakai,MF,Japan,1,1.3,0,0,0,0.0,0.5,0.0,0.0,0.0,59.6,4.0,1.0,6.0,0.0,0.0,0.0,0.0,1.0,0,6.0,27.3,4,50.0,2.0,8.0,6.0,0.0
Hirving Lozano,FW,Mexico,3,2.8,0,0,0,0.0,0.2,0.0,50.0,0.0,54.5,1.0,8.0,7.0,0.0,0.0,0.0,50.0,4.0,0,14.0,9.1,2,75.0,4.0,1.0,7.0,0.0
Homam Ahmed,DF,Qatar,3,2.9,0,0,0,0.0,0.0,0.0,0.0,0.0,73.3,1.0,0.0,2.0,0.0,0.0,0.0,60.0,2.0,0,14.0,71.4,2,33.3,0.0,1.0,4.0,0.0
Hong Chul,DF,Korea Republic,0,0.5,0,0,0,0.0,0.0,0.0,0.0,0.0,85.0,2.0,0.0,3.0,0.0,0.0,0.0,0.0,0.0,0,2.0,100.0,0,,2.0,1.0,1.0,0.0
Hossein Hosseini,GK,IR Iran,1,1.8,0,0,0,0.0,0.0,0.0,0.0,0.0,48.9,0.0,0.0,0.0,0.0,0.0,0.0,0.0,0.0,0,0.0,50.0,0,,0.0,0.0,0.0,0.0
Hossein Kanaanizadegan,DF,IR Iran,0,0.5,0,0,0,0.0,0.0,0.0,0.0,0.0,72.7,0.0,0.0,0.0,0.0,0.0,0.0,0.0,0.0,0,1.0,0.0,0,0.0,1.0,2.0,1.0,0.0
Hugo Lloris,GK,France,6,6.3,0,0,0,0.0,0.0,0.0,0.0,0.0,60.4,2.0,0.0,0.0,0.0,0.0,0.0,0.0,0.0,0,5.0,100.0,0,,0.0,3.0,0.0,0.0
Hwang Hee-chan,MF,Korea Republic,1,1.3,1,0,0,0.78,0.9,0.0,83.3,0.2,76.3,0.0,1.0,1.0,0.0,0.0,0.0,30.0,3.0,0,7.0,0.0,1,,0.0,0.0,1.0,0.0
Hwang In-beom,MF,Korea Republic,4,3.7,0,0,0,0.0,0.2,0.0,16.7,0.0,78.5,33.0,5.0,21.0,0.0,0.0,0.0,0.0,0.0,0,22.0,28.6,3,50.0,1.0,2.0,7.0,0.0
Hwang Ui-jo,FW,Korea Republic,1,1.2,0,0,0,0.0,0.5,0.0,0.0,0.0,81.8,0.0,0.0,0.0,0.0,0.0,0.0,100.0,0.0,0,3.0,7.7,0,0.0,0.0,1.0,0.0,0.0
Héctor Herrera,MF,Mexico,2,1.8,0,0,0,0.0,0.0,0.0,0.0,0.0,82.1,3.0,1.0,3.0,0.0,0.0,0.0,0.0,1.0,0,7.0,75.0,3,50.0,1.0,0.0,7.0,0.0
Héctor Moreno,DF,Mexico,3,3.0,0,0,0,0.0,0.2,0.0,0.0,0.0,84.6,20.0,0.0,13.0,0.0,0.0,0.0,0.0,1.0,0,14.0,38.5,1,100.0,2.0,4.0,3.0,0.0
Ibrahima Konaté,DF,France,3,3.3,0,0,0,0.0,0.4,0.0,50.0,0.0,91.5,22.0,1.0,15.0,0.0,0.0,0.0,0.0,2.0,0,14.0,83.3,6,100.0,5.0,16.0,22.0,0.0
Idrissa Gana Gueye,MF,Senegal,3,3.0,0,0,0,0.0,0.3,0.0,25.0,0.0,80.5,7.0,0.0,4.0,1.0,0.0,0.0,50.0,5.0,0,15.0,40.0,1,0.0,3.0,3.0,7.0,0.0
Ilias Chair,MF,Morocco,0,0.5,0,0,0,0.0,0.0,0.0,0.0,0.0,86.7,1.0,0.0,0.0,0.0,0.0,0.0,0.0,1.0,0,2.0,0.0,0,0.0,0.0,0.0,1.0,0.0
Iliman Ndiaye,FW,Senegal,2,1.5,0,1,0,0.67,0.1,0.0,0.0,0.0,78.1,0.0,0.0,1.0,2.0,0.0,0.0,75.0,3.0,0,4.0,0.0,0,0.0,2.0,0.0,1.0,0.0
Ismail Jakobs,DF,Senegal,3,3.1,0,1,0,0.32,0.0,0.0,0.0,0.0,68.6,8.0,4.0,6.0,1.0,0.0,0.0,0.0,1.0,0,9.0,72.7,0,0.0,3.0,14.0,4.0,0.0
Ismail Mohamad,FW,Qatar,2,1.9,0,1,0,0.52,0.0,0.0,100.0,0.0,0.0,0.0,0.0,0.0,0.0,0.0,0.0,0.0,0.0,0,0.0,0.0,2,,,,,
Ismaila Sarr,FW,Senegal,4,3.8,1,0,1,0.26,1.7,0.0,10.0,0.0,64.2,3.0,6.0,6.0,1.0,0.0,0.0,47.4,5.0,0,17.0,50.0,2,66.7,2.0,1.0,6.0,0.0
Ismaël Koné,MF,Canada,0,1.2,0,0,0,0.0,0.0,0.0,0.0,0.0,95.0,12.0,0.0,4.0,0.0,0.0,0.0,50.0,0.0,0,3.0,0.0,0,0.0,0.0,0.0,0.0,0.0
Issam Jebali,FW,Tunisia,2,2.0,0,0,0,0.0,0.5,0.0,33.3,0.0,71.4,0.0,1.0,0.0,0.0,0.0,0.0,50.0,7.0,0,8.0,11.8,3,0.0,1.0,3.0,3.0,0.0
Ivan Ilić,MF,Serbia,0,0.4,0,0,0,0.0,0.0,0.0,0.0,0.0,95.0,3.0,0.0,0.0,0.0,0.0,0.0,0.0,1.0,0,3.0,100.0,0,,0.0,0.0,1.0,0.0
Ivan Perišić,FW,Croatia,7,7.4,1,3,0,0.54,0.9,0.0,25.0,0.25,69.2,11.0,9.0,15.0,3.0,0.0,0.0,46.2,5.0,0,31.0,54.8,4,71.4,9.0,12.0,14.0,0.0
Iñaki Williams,FW,Ghana,3,3.0,0,0,0,0.0,0.3,0.0,0.0,0.0,69.0,0.0,0.0,1.0,1.0,0.0,1.0,100.0,5.0,0,9.0,25.0,2,50.0,3.0,2.0,4.0,0.0
Jack Grealish,FW,England,0,1.0,1,0,0,1.05,0.6,0.0,100.0,1.0,88.9,2.0,4.0,5.0,0.0,0.0,0.0,33.3,0.0,0,6.0,0.0,1,,2.0,1.0,6.0,0.0
Jackson Irvine,MF,Australia,4,3.9,0,0,0,0.0,0.5,0.0,0.0,0.0,80.5,2.0,3.0,11.0,0.0,0.0,0.0,0.0,6.0,0,11.0,56.3,2,50.0,7.0,8.0,7.0,0.0
Jackson Porozo,DF,Ecuador,1,1.1,0,0,0,0.0,0.1,0.0,0.0,0.0,88.6,1.0,0.0,0.0,0.0,0.0,0.0,0.0,2.0,0,2.0,100.0,2,,1.0,4.0,5.0,0.0
Jakub Kamiński,MF,Poland,2,2.6,0,0,0,0.0,0.4,0.0,25.0,0.0,60.7,1.0,2.0,1.0,0.0,0.0,0.0,40.0,6.0,0,17.0,0.0,1,75.0,4.0,2.0,6.0,0.0
Jakub Kiwior,DF,Poland,4,3.9,0,0,0,0.0,0.0,0.0,0.0,0.0,84.9,10.0,0.0,3.0,0.0,0.0,0.0,0.0,1.0,0,11.0,42.9,1,100.0,4.0,15.0,6.0,2.0
Jamal Musiala,MF,Germany,3,2.9,0,1,0,0.35,1.9,0.0,25.0,0.0,81.0,2.0,7.0,9.0,1.0,0.0,0.0,52.8,16.0,0,19.0,33.3,1,50.0,3.0,0.0,2.0,0.0
Jamie Maclaren,FW,Australia,0,0.6,0,0,0,0.0,0.0,0.0,0.0,0.0,46.7,0.0,0.0,0.0,0.0,0.0,0.0,0.0,1.0,0,1.0,20.0,0,0.0,0.0,0.0,1.0,0.0
Jan Bednarek,DF,Poland,0,0.1,0,0,0,0.0,0.0,0.0,0.0,0.0,100.0,1.0,0.0,0.0,0.0,0.0,0.0,0.0,0.0,0,1.0,0.0,0,,0.0,0.0,0.0,0.0
Jan Vertonghen,DF,Belgium,3,3.0,0,0,0,0.0,0.2,0.0,0.0,0.0,88.5,6.0,0.0,8.0,1.0,0.0,0.0,0.0,0.0,0,15.0,68.8,0,0.0,2.0,12.0,5.0,0.0
Jason Cummings,FW,Australia,0,0.4,0,0,0,0.0,0.0,0.0,0.0,0.0,66.7,1.0,0.0,1.0,0.0,0.0,0.0,0.0,0.0,0,1.0,0.0,0,,0.0,0.0,0.0,0.0
Jawad El Yamiq,DF,Morocco,3,3.4,0,0,0,0.0,0.1,0.0,50.0,0.0,89.0,2.0,0.0,2.0,0.0,0.0,0.0,0.0,0.0,0,20.0,85.7,2,100.0,6.0,17.0,9.0,0.0
Jean-Charles Castelletto,DF,Cameroon,2,2.0,1,1,0,1.0,0.9,0.0,100.0,1.0,80.5,6.0,1.0,6.0,1.0,0.0,0.0,100.0,0.0,0,9.0,75.0,3,0.0,2.0,12.0,9.0,0.0
Jeong Woo-yeong,MF,Korea Republic,1,0.5,0,0,0,0.0,0.0,0.0,0.0,0.0,80.0,0.0,1.0,1.0,0.0,0.0,0.0,0.0,0.0,0,1.0,0.0,0,,0.0,1.0,0.0,0.0
Jeremy Doku,MF,Belgium,0,0.2,0,0,0,0.0,0.0,0.0,0.0,0.0,57.1,0.0,1.0,1.0,0.0,0.0,0.0,50.0,0.0,0,0.0,0.0,0,,0.0,0.0,0.0,0.0
Jeremy Sarmiento,MF,Ecuador,0,0.9,0,0,0,0.0,0.1,0.0,100.0,0.0,62.2,1.0,1.0,0.0,0.0,0.0,0.0,33.3,1.0,0,6.0,66.7,1,0.0,0.0,0.0,3.0,0.0
Jerome Ngom Mbekeli,MF,Cameroon,0,0.1,0,0,0,0.0,0.0,0.0,0.0,0.0,50.0,0.0,1.0,0.0,1.0,0.0,0.0,0.0,1.0,0,0.0,100.0,0,,0.0,1.0,0.0,0.0
Jesper Lindstrøm,MF,Denmark,2,2.2,0,0,0,0.0,0.3,0.0,33.3,0.0,69.2,1.0,2.0,3.0,0.0,0.0,0.0,33.3,1.0,0,8.0,50.0,1,33.3,4.0,1.0,2.0,0.0
Jesús Ferreira,FW,United States,1,0.5,0,0,0,0.0,0.0,0.0,0.0,0.0,84.2,0.0,0.0,0.0,0.0,0.0,0.0,0.0,1.0,0,1.0,0.0,0,100.0,0.0,0.0,1.0,0.0
Jesús Gallardo,DF,Mexico,3,3.0,0,0,0,0.0,0.1,0.0,0.0,0.0,69.4,9.0,2.0,4.0,0.0,0.0,0.0,75.0,0.0,0,14.0,100.0,5,37.5,5.0,10.0,10.0,0.0
Jewison Bennette,MF,Costa Rica,1,1.1,0,0,0,0.0,0.0,0.0,0.0,0.0,78.6,0.0,1.0,0.0,0.0,0.0,0.0,25.0,1.0,0,4.0,0.0,0,0.0,2.0,0.0,0.0,0.0
Jhegson Méndez,MF,Ecuador,2,2.0,0,0,0,0.0,0.0,0.0,0.0,0.0,91.4,6.0,0.0,6.0,0.0,0.0,0.0,0.0,1.0,0,16.0,50.0,2,100.0,4.0,1.0,3.0,0.0
Joachim Andersen,DF,Denmark,3,3.0,0,1,0,0.33,0.1,0.0,25.0,0.0,79.2,30.0,1.0,16.0,1.0,0.0,1.0,0.0,1.0,0,15.0,55.6,2,0.0,2.0,12.0,4.0,0.0
Joakim Mæhle,DF,Denmark,3,2.8,0,0,0,0.0,0.0,0.0,0.0,0.0,81.5,6.0,3.0,7.0,0.0,0.0,0.0,0.0,2.0,0,10.0,10.0,5,71.4,7.0,6.0,11.0,0.0
Joe Allen,MF,Wales,1,1.0,0,0,0,0.0,0.1,0.0,0.0,0.0,83.3,2.0,0.0,1.0,0.0,0.0,0.0,0.0,0.0,0,9.0,0.0,1,50.0,1.0,4.0,2.0,0.0
Joe Morrell,MF,Wales,0,0.4,0,0,0,0.0,0.0,0.0,0.0,0.0,85.7,1.0,0.0,1.0,0.0,0.0,0.0,0.0,1.0,0,4.0,0.0,2,0.0,2.0,0.0,4.0,0.0
Joe Rodon,DF,Wales,3,3.0,0,0,0,0.0,0.0,0.0,0.0,0.0,89.9,1.0,0.0,1.0,0.0,0.0,0.0,0.0,0.0,0,10.0,45.5,2,50.0,2.0,13.0,6.0,0.0
Joel Campbell,FW,Costa Rica,3,3.0,0,0,0,0.0,0.0,0.0,0.0,0.0,75.4,3.0,4.0,10.0,0.0,0.0,0.0,46.2,8.0,0,14.0,45.5,5,50.0,3.0,4.0,9.0,0.0
Johan Venegas,FW,Costa Rica,1,0.8,0,0,0,0.0,0.0,0.0,0.0,0.0,78.6,0.0,0.0,0.0,0.0,0.0,0.0,0.0,0.0,0,1.0,0.0,0,0.0,0.0,2.0,0.0,0.0
John Stones,DF,England,5,4.8,0,0,0,0.0,0.4,0.0,25.0,0.0,95.8,20.0,0.0,22.0,0.0,0.0,0.0,100.0,0.0,0,17.0,60.0,2,100.0,3.0,8.0,3.0,0.0
Jonas Hofmann,FW,Germany,0,0.3,0,0,0,0.0,0.3,0.0,100.0,0.0,80.0,2.0,0.0,1.0,0.0,0.0,0.0,0.0,2.0,0,0.0,0.0,0,0.0,2.0,0.0,0.0,0.0
Jonathan David,FW,Canada,2,2.1,0,0,0,0.0,1.0,0.0,12.5,0.0,68.3,6.0,0.0,3.0,0.0,0.0,0.0,0.0,2.0,0,5.0,33.3,1,,0.0,0.0,1.0,0.0
Jonathan Osorio,MF,Canada,1,1.3,0,0,0,0.0,0.1,0.0,0.0,0.0,91.2,5.0,0.0,1.0,0.0,0.0,0.0,50.0,2.0,0,5.0,0.0,1,50.0,0.0,1.0,3.0,0.0
Jordan Ayew,FW,Ghana,2,1.5,0,1,0,0.66,0.1,0.0,100.0,0.0,76.1,0.0,1.0,2.0,2.0,0.0,0.0,14.3,4.0,0,8.0,0.0,3,0.0,0.0,1.0,4.0,0.0
Jordan Henderson,MF,England,3,3.0,1,0,0,0.33,0.2,0.0,50.0,1.0,84.0,11.0,3.0,13.0,0.0,0.0,0.0,0.0,1.0,0,12.0,50.0,2,100.0,3.0,0.0,5.0,0.0
Jordan Morris,FW,United States,0,0.0,0,0,0,0.0,0.0,0.0,0.0,0.0,25.0,0.0,0.0,0.0,0.0,0.0,0.0,0.0,0.0,0,0.0,0.0,0,,0.0,0.0,0.0,0.0
Jordan Pickford,GK,England,5,5.0,0,0,0,0.0,0.0,0.0,0.0,0.0,78.8,2.0,0.0,0.0,1.0,0.0,0.0,0.0,0.0,0,4.0,0.0,0,,0.0,2.0,0.0,0.0
Jordan Veretout,MF,France,1,0.7,0,0,0,0.0,0.0,0.0,0.0,0.0,91.7,3.0,0.0,1.0,0.0,0.0,0.0,0.0,1.0,0,1.0,0.0,0,100.0,0.0,2.0,2.0,0.0
Jordi Alba,DF,Spain,3,2.9,0,2,0,0.68,0.0,0.0,0.0,0.0,88.2,33.0,7.0,23.0,4.0,0.0,0.0,66.7,0.0,0,20.0,0.0,4,40.0,2.0,2.0,9.0,0.0
Jorge Eduardo Sánchez,DF,Mexico,2,1.9,0,0,0,0.0,0.0,0.0,100.0,0.0,79.3,4.0,1.0,9.0,0.0,0.0,0.0,25.0,4.0,0,6.0,60.0,0,100.0,2.0,8.0,4.0,0.0
Josh Sargent,FW,United States,2,1.7,0,0,0,0.0,0.4,0.0,25.0,0.0,87.9,1.0,1.0,1.0,0.0,0.0,0.0,100.0,4.0,0,1.0,33.3,0,0.0,1.0,0.0,1.0,0.0
Joshua Kimmich,MF,Germany,3,3.0,0,0,0,0.0,0.4,0.0,57.1,0.0,84.6,26.0,9.0,22.0,3.0,0.0,0.0,25.0,3.0,0,19.0,80.0,2,50.0,6.0,1.0,8.0,0.0
Josip Juranović,DF,Croatia,6,6.7,0,1,0,0.15,0.0,0.0,0.0,0.0,78.5,24.0,6.0,21.0,2.0,0.0,0.0,25.0,4.0,0,40.0,33.3,8,100.0,5.0,15.0,15.0,0.0
Josip Stanišić,DF,Croatia,1,1.0,0,0,0,0.0,0.0,0.0,0.0,0.0,73.5,0.0,0.0,1.0,0.0,0.0,0.0,0.0,0.0,0,4.0,100.0,3,100.0,0.0,0.0,4.0,0.0
Josip Šutalo,DF,Croatia,1,1.0,0,0,0,0.0,0.0,0.0,0.0,0.0,93.9,1.0,0.0,2.0,0.0,0.0,0.0,0.0,0.0,0,3.0,0.0,0,,1.0,5.0,0.0,0.0
José Cifuentes,MF,Ecuador,0,0.7,0,0,0,0.0,0.0,0.0,100.0,0.0,75.0,2.0,0.0,1.0,0.0,0.0,0.0,0.0,1.0,0,3.0,0.0,2,0.0,1.0,1.0,2.0,0.0
José María Giménez,DF,Uruguay,3,3.0,0,0,0,0.0,0.2,0.0,0.0,0.0,81.0,11.0,2.0,10.0,0.0,0.0,0.0,0.0,1.0,0,13.0,72.7,1,28.6,6.0,11.0,11.0,0.0
João Cancelo,DF,Portugal,3,3.4,0,0,0,0.0,0.0,0.0,50.0,0.0,81.5,10.0,6.0,12.0,0.0,0.0,0.0,36.4,1.0,0,24.0,90.9,3,80.0,1.0,8.0,9.0,0.0
João Félix,FW,Portugal,4,3.7,1,2,0,0.82,0.9,0.0,27.3,0.33,74.6,7.0,3.0,7.0,2.0,0.0,0.0,25.0,0.0,0,9.0,66.7,2,0.0,0.0,1.0,5.0,0.0
João Mário,FW,Portugal,1,0.9,0,0,0,0.0,0.0,0.0,0.0,0.0,92.5,1.0,0.0,2.0,0.0,0.0,0.0,0.0,0.0,0,5.0,0.0,1,66.7,2.0,0.0,2.0,0.0
João Palhinha,MF,Portugal,0,0.4,0,0,0,0.0,0.0,0.0,0.0,0.0,83.9,1.0,0.0,1.0,0.0,0.0,0.0,50.0,1.0,0,5.0,0.0,1,0.0,1.0,1.0,3.0,0.0
Joško Gvardiol,DF,Croatia,7,7.7,1,0,0,0.13,0.1,0.0,50.0,1.0,89.4,26.0,1.0,17.0,0.0,0.0,0.0,50.0,2.0,0,48.0,37.5,6,62.5,8.0,37.0,20.0,0.0
Juan Foyth,DF,Argentina,0,0.1,0,0,0,0.0,0.0,0.0,0.0,0.0,75.0,0.0,0.0,0.0,0.0,0.0,0.0,100.0,0.0,0,0.0,0.0,0,,0.0,0.0,0.0,0.0
Juan Pablo Vargas,DF,Costa Rica,1,1.0,1,0,0,1.0,0.5,0.0,100.0,0.5,79.2,0.0,0.0,0.0,1.0,0.0,1.0,0.0,0.0,0,5.0,100.0,3,100.0,0.0,10.0,6.0,0.0
Jude Bellingham,MF,England,5,4.6,1,1,0,0.43,0.6,0.0,60.0,0.33,88.7,18.0,4.0,14.0,6.0,1.0,0.0,46.2,6.0,0,31.0,40.0,15,83.3,10.0,0.0,21.0,0.0
Jules Koundé,DF,France,5,5.3,0,0,0,0.0,0.2,0.0,25.0,0.0,81.0,25.0,0.0,6.0,1.0,0.0,0.0,75.0,2.0,0,25.0,38.5,8,58.3,7.0,8.0,16.0,0.0
Julián Álvarez,FW,Argentina,5,5.2,4,0,0,0.78,2.6,0.0,72.7,0.5,76.9,2.0,2.0,3.0,2.0,0.0,0.0,0.0,7.0,0,21.0,16.7,2,0.0,8.0,3.0,4.0,0.0
Jung Woo-young,MF,Korea Republic,4,3.4,0,0,0,0.0,0.0,0.0,0.0,0.0,84.4,25.0,2.0,14.0,1.0,0.0,0.0,0.0,2.0,0,24.0,75.0,4,66.7,3.0,7.0,8.0,0.0
Junior Hoilett,FW,Canada,2,1.8,0,0,0,0.0,0.1,0.0,0.0,0.0,72.9,3.0,6.0,6.0,0.0,0.0,0.0,28.6,2.0,0,8.0,0.0,4,75.0,0.0,0.0,9.0,0.0
Junya Ito,MF,Japan,3,3.6,0,1,0,0.28,0.2,0.0,50.0,0.0,60.8,2.0,2.0,5.0,2.0,0.0,0.0,25.0,3.0,0,17.0,33.3,4,55.6,4.0,6.0,12.0,0.0
Jurriën Timber,DF,Netherlands,4,4.3,0,0,0,0.0,0.0,0.0,0.0,0.0,90.4,32.0,0.0,15.0,0.0,0.0,0.0,66.7,2.0,0,30.0,57.1,6,100.0,1.0,13.0,22.0,0.0
Kai Havertz,FW,Germany,1,1.1,2,0,0,1.76,1.4,0.0,60.0,0.67,79.4,2.0,3.0,4.0,0.0,0.0,0.0,0.0,0.0,0,3.0,0.0,1,0.0,0.0,0.0,2.0,0.0
Kalidou Koulibaly,DF,Senegal,4,4.0,1,0,0,0.25,0.5,0.0,50.0,1.0,76.1,12.0,0.0,9.0,0.0,0.0,0.0,0.0,1.0,0,28.0,68.8,9,63.6,4.0,30.0,14.0,0.0
Kalvin Phillips,MF,England,0,0.5,0,1,0,2.14,0.0,0.0,0.0,0.0,89.5,2.0,0.0,1.0,1.0,0.0,0.0,0.0,0.0,0,1.0,0.0,0,,0.0,1.0,0.0,0.0
Kamal Miller,DF,Canada,3,3.0,0,0,0,0.0,0.0,0.0,0.0,0.0,90.7,21.0,0.0,10.0,0.0,0.0,0.0,50.0,1.0,0,14.0,58.3,4,66.7,1.0,11.0,10.0,1.0
Kamaldeen Sulemana,FW,Ghana,0,0.6,0,0,0,0.0,0.1,0.0,100.0,0.0,52.6,0.0,1.0,1.0,0.0,0.0,0.0,20.0,1.0,0,0.0,66.7,0,,0.0,2.0,0.0,0.0
Kamil Glik,DF,Poland,4,4.0,0,0,0,0.0,0.2,0.0,0.0,0.0,90.8,2.0,0.0,1.0,0.0,0.0,0.0,0.0,0.0,0,11.0,57.1,1,66.7,2.0,23.0,5.0,0.0
Kamil Grosicki,MF,Poland,0,0.0,0,0,0,0.0,0.0,0.0,0.0,0.0,66.7,0.0,1.0,0.0,0.0,0.0,0.0,100.0,0.0,0,0.0,0.0,0,,0.0,0.0,0.0,0.0
Kaoru Mitoma,MF,Japan,0,1.8,0,1,0,0.55,0.1,0.0,100.0,0.0,71.4,1.0,2.0,3.0,1.0,0.0,0.0,40.0,2.0,0,17.0,40.0,2,100.0,4.0,5.0,9.0,0.0
Karim Ansarifard,FW,IR Iran,0,0.4,0,0,0,0.0,0.1,0.0,0.0,0.0,80.0,0.0,0.0,0.0,0.0,0.0,0.0,0.0,1.0,0,0.0,0.0,0,,1.0,0.0,1.0,0.0
Karim Boudiaf,MF,Qatar,2,2.1,0,0,0,0.0,0.0,0.0,0.0,0.0,88.7,9.0,0.0,5.0,0.0,0.0,0.0,33.3,2.0,0,12.0,46.2,1,40.0,0.0,3.0,2.0,0.0
Karl Toko Ekambi,FW,Cameroon,2,1.8,0,0,0,0.0,0.2,0.0,50.0,0.0,81.1,3.0,0.0,0.0,0.0,0.0,0.0,25.0,4.0,0,8.0,20.0,1,0.0,1.0,0.0,3.0,0.0
Karol Świderski,FW,Poland,1,0.5,0,0,0,0.0,0.0,0.0,0.0,0.0,100.0,0.0,0.0,0.0,0.0,0.0,0.0,0.0,0.0,0,3.0,50.0,1,66.7,0.0,0.0,6.0,0.0
Kasper Dolberg,FW,Denmark,1,1.3,0,0,0,0.0,0.4,0.0,33.3,0.0,83.3,0.0,2.0,2.0,0.0,0.0,0.0,33.3,4.0,0,3.0,0.0,1,0.0,0.0,1.0,1.0,0.0
Kasper Schmeichel,GK,Denmark,3,3.0,0,0,0,0.0,0.0,0.0,0.0,0.0,82.8,3.0,0.0,1.0,0.0,0.0,0.0,0.0,0.0,0,5.0,100.0,0,,0.0,0.0,0.0,0.0
Keanu Baccus,MF,Australia,1,1.3,0,0,0,0.0,0.0,0.0,0.0,0.0,63.4,2.0,1.0,2.0,0.0,0.0,0.0,0.0,2.0,0,11.0,25.0,1,0.0,5.0,1.0,3.0,0.0
Kellyn Acosta,MF,United States,0,0.5,0,0,0,0.0,0.0,0.0,0.0,0.0,83.3,0.0,0.0,0.0,0.0,0.0,0.0,0.0,0.0,0,2.0,100.0,2,100.0,0.0,0.0,3.0,0.0
Kendall Waston,DF,Costa Rica,2,2.5,0,0,0,0.0,0.2,0.0,100.0,0.0,80.3,1.0,0.0,0.0,1.0,0.0,1.0,0.0,1.0,0,10.0,57.1,4,75.0,2.0,14.0,12.0,0.0
Kenneth Taylor,MF,Netherlands,0,0.1,0,0,0,0.0,0.0,0.0,0.0,0.0,100.0,1.0,0.0,1.0,0.0,0.0,0.0,0.0,0.0,0,0.0,0.0,0,,0.0,0.0,0.0,0.0
Kevin De Bruyne,FW,Belgium,3,3.0,0,0,0,0.0,0.2,0.0,28.6,0.0,68.4,17.0,9.0,21.0,0.0,0.0,0.0,50.0,4.0,0,11.0,100.0,1,0.0,2.0,3.0,1.0,0.0
Kevin Rodríguez,FW,Ecuador,0,0.0,0,0,0,0.0,0.0,0.0,50.0,0.0,0.0,0.0,0.0,0.0,0.0,0.0,0.0,0.0,0.0,0,0.0,0.0,0,,,,,
Kevin Álvarez,DF,Mexico,1,0.8,0,0,0,0.0,0.0,0.0,0.0,0.0,65.5,1.0,0.0,2.0,0.0,0.0,0.0,33.3,1.0,0,4.0,0.0,0,100.0,2.0,2.0,2.0,0.0
Keylor Navas,GK,Costa Rica,3,3.0,0,0,0,0.0,0.0,0.0,0.0,0.0,59.8,1.0,0.0,0.0,0.0,0.0,0.0,0.0,0.0,0,0.0,0.0,0,100.0,0.0,2.0,2.0,1.0
Keysher Fuller,DF,Costa Rica,3,2.8,1,0,0,0.36,0.4,0.0,66.7,0.5,69.8,2.0,0.0,1.0,0.0,0.0,0.0,50.0,1.0,0,11.0,0.0,4,42.9,2.0,9.0,7.0,0.0
Kieffer Moore,FW,Wales,2,2.5,0,0,0,0.0,1.0,0.0,33.3,0.0,64.3,3.0,1.0,3.0,0.0,0.0,0.0,0.0,3.0,0,7.0,64.7,0,,3.0,7.0,3.0,0.0
Kieran Trippier,DF,England,2,2.3,0,0,0,0.0,0.0,0.0,0.0,0.0,84.6,11.0,2.0,13.0,0.0,0.0,0.0,100.0,1.0,0,11.0,80.0,4,83.3,3.0,4.0,7.0,0.0
Kim Jin-su,DF,Korea Republic,4,3.5,0,1,0,0.29,0.3,0.0,0.0,0.0,71.9,5.0,4.0,7.0,1.0,0.0,0.0,0.0,0.0,0,12.0,71.4,5,83.3,2.0,5.0,13.0,0.0
Kim Min-jae,DF,Korea Republic,3,3.0,0,0,0,0.0,0.1,0.0,0.0,0.0,87.4,19.0,1.0,10.0,0.0,0.0,0.0,100.0,0.0,0,14.0,90.9,1,100.0,5.0,8.0,4.0,0.0
Kim Moonhwan,DF,Korea Republic,4,4.0,0,0,0,0.0,0.0,0.0,0.0,0.0,83.1,14.0,5.0,8.0,0.0,0.0,0.0,50.0,2.0,0,16.0,66.7,4,83.3,3.0,16.0,13.0,0.0
Kim Seung-gyu,GK,Korea Republic,4,4.0,0,0,0,0.0,0.0,0.0,0.0,0.0,72.7,1.0,0.0,0.0,0.0,0.0,0.0,0.0,0.0,0,5.0,0.0,0,,0.0,2.0,2.0,0.0
Kim Young-gwon,DF,Korea Republic,4,3.9,1,0,0,0.26,0.8,0.0,50.0,1.0,85.2,17.0,4.0,18.0,0.0,0.0,0.0,0.0,0.0,0,13.0,75.0,2,50.0,3.0,11.0,6.0,0.0
Kingsley Coman,FW,France,1,1.9,0,0,0,0.0,0.2,0.0,0.0,0.0,77.8,1.0,2.0,1.0,0.0,0.0,0.0,60.0,7.0,0,12.0,33.3,2,50.0,3.0,1.0,5.0,0.0
Ko Itakura,DF,Japan,3,3.0,0,1,0,0.33,0.2,0.0,33.3,0.0,88.3,7.0,0.0,1.0,1.0,0.0,0.0,0.0,1.0,0,13.0,0.0,5,75.0,1.0,16.0,13.0,0.0
Koke,MF,Spain,0,0.6,0,0,0,0.0,0.0,0.0,0.0,0.0,90.3,4.0,0.0,2.0,0.0,0.0,0.0,0.0,0.0,0,2.0,0.0,1,,0.0,0.0,1.0,0.0
Kristijan Jakić,FW,Croatia,0,0.0,0,0,0,0.0,0.0,0.0,0.0,0.0,0.0,0.0,0.0,0.0,0.0,0.0,0.0,0.0,0.0,0,0.0,0.0,0,,0.0,0.0,0.0,0.0
Krystian Bielik,MF,Poland,2,2.4,0,0,0,0.0,0.2,0.0,0.0,0.0,86.9,5.0,1.0,5.0,0.0,0.0,0.0,33.3,3.0,0,10.0,60.0,3,50.0,1.0,6.0,10.0,0.0
Krzysztof Piątek,FW,Poland,0,0.3,0,0,0,0.0,0.0,0.0,0.0,0.0,33.3,0.0,0.0,0.0,0.0,0.0,0.0,0.0,1.0,0,1.0,25.0,0,,0.0,0.0,0.0,0.0
Krépin Diatta,FW,Senegal,3,2.0,0,0,0,0.0,0.1,0.0,33.3,0.0,82.2,3.0,3.0,6.0,0.0,0.0,0.0,33.3,7.0,0,11.0,66.7,0,,1.0,0.0,0.0,0.0
Kudus Mohammed,FW,Ghana,3,2.7,2,0,0,0.73,0.8,0.0,50.0,0.5,71.3,4.0,0.0,5.0,0.0,0.0,0.0,66.7,6.0,0,22.0,0.0,4,50.0,4.0,0.0,6.0,0.0
Kwon Chang-hoon,FW,Korea Republic,1,0.6,0,0,0,0.0,0.0,0.0,0.0,0.0,76.0,2.0,1.0,1.0,0.0,0.0,0.0,0.0,1.0,0,3.0,0.0,0,100.0,0.0,0.0,1.0,0.0
Kwon Kyung-won,DF,Korea Republic,1,1.0,0,0,0,0.0,0.0,0.0,0.0,0.0,90.7,1.0,0.0,2.0,0.0,0.0,0.0,0.0,0.0,0,2.0,50.0,0,,1.0,5.0,2.0,0.0
Kye Rowles,DF,Australia,4,4.0,0,0,0,0.0,0.0,0.0,0.0,0.0,88.2,2.0,0.0,1.0,0.0,0.0,0.0,0.0,0.0,0,12.0,66.7,2,57.1,9.0,16.0,15.0,1.0
Kyle Walker,DF,England,3,2.6,0,0,0,0.0,0.0,0.0,0.0,0.0,89.5,11.0,2.0,12.0,0.0,0.0,0.0,66.7,0.0,0,10.0,66.7,1,60.0,2.0,3.0,6.0,0.0
Kylian Mbappé,FW,France,6,6.6,8,2,2,1.51,5.2,0.0,37.9,0.55,75.5,16.0,8.0,16.0,11.0,0.0,4.0,48.1,10.0,0,20.0,20.0,0,,0.0,0.0,0.0,0.0
Lautaro Martínez,FW,Argentina,2,2.7,0,0,0,0.0,1.8,0.0,28.6,0.0,74.2,0.0,0.0,0.0,1.0,0.0,1.0,40.0,6.0,0,13.0,50.0,0,,1.0,0.0,1.0,0.0
Lawrence Ati-Zigi,GK,Ghana,3,3.0,0,0,0,0.0,0.0,0.0,0.0,0.0,69.2,1.0,1.0,0.0,0.0,0.0,0.0,0.0,0.0,0,3.0,0.0,0,,0.0,0.0,0.0,0.0
Leander Dendoncker,DF,Belgium,2,1.8,0,0,0,0.0,0.1,0.0,0.0,0.0,97.5,6.0,0.0,10.0,0.0,0.0,0.0,0.0,1.0,0,6.0,66.7,3,100.0,4.0,5.0,6.0,0.0
Leandro Paredes,MF,Argentina,2,2.5,0,0,0,0.0,0.0,0.0,100.0,0.0,93.5,18.0,1.0,13.0,2.0,0.0,0.0,0.0,0.0,0,19.0,100.0,4,75.0,0.0,4.0,13.0,0.0
Leandro Trossard,FW,Belgium,1,1.1,0,0,0,0.0,0.0,0.0,0.0,0.0,75.4,4.0,0.0,3.0,0.0,0.0,0.0,0.0,1.0,0,7.0,0.0,1,100.0,1.0,0.0,1.0,0.0
Lee Jae-sung,MF,Korea Republic,3,2.3,0,0,0,0.0,0.0,0.0,0.0,0.0,86.6,4.0,0.0,0.0,0.0,0.0,0.0,66.7,0.0,0,7.0,42.9,2,12.5,3.0,2.0,8.0,0.0
Lee Kangin,MF,Korea Republic,1,1.6,0,1,0,0.61,0.2,0.0,20.0,0.0,80.5,6.0,6.0,11.0,3.0,0.0,0.0,50.0,3.0,0,6.0,0.0,3,40.0,0.0,0.0,4.0,0.0
Leon Goretzka,MF,Germany,2,1.8,0,0,0,0.0,0.5,0.0,25.0,0.0,73.7,3.0,0.0,1.0,0.0,0.0,0.0,0.0,2.0,0,12.0,60.0,3,100.0,1.0,0.0,6.0,0.0
Leroy Sané,FW,Germany,1,1.2,0,1,0,0.81,0.1,0.0,0.0,0.0,81.0,6.0,6.0,9.0,2.0,0.0,0.0,50.0,3.0,0,6.0,50.0,1,0.0,2.0,1.0,1.0,0.0
Liam Millar,DF,Canada,0,0.1,0,0,0,0.0,0.0,0.0,0.0,0.0,44.4,0.0,0.0,1.0,0.0,0.0,0.0,0.0,0.0,0,0.0,0.0,0,,0.0,0.0,0.0,0.0
Lionel Messi,FW,Argentina,7,7.7,7,3,5,1.3,6.6,0.0,48.1,0.23,80.9,38.0,18.0,49.0,5.0,1.0,0.0,44.1,24.0,0,22.0,22.2,3,0.0,2.0,0.0,5.0,0.0
Lisandro Martínez,DF,Argentina,2,3.4,0,0,0,0.0,0.1,0.0,0.0,0.0,85.3,11.0,1.0,6.0,0.0,0.0,0.0,0.0,0.0,0,6.0,50.0,2,100.0,3.0,14.0,9.0,0.0
Lovro Majer,MF,Croatia,1,1.4,1,0,0,0.69,0.7,0.0,50.0,0.5,79.6,5.0,4.0,5.0,1.0,0.0,0.0,0.0,6.0,0,10.0,0.0,1,66.7,1.0,2.0,3.0,0.0
Loïs Openda,FW,Belgium,0,0.1,0,0,0,0.0,0.0,0.0,0.0,0.0,60.0,0.0,0.0,0.0,0.0,0.0,0.0,100.0,0.0,0,1.0,0.0,0,,1.0,0.0,1.0,0.0
Lucas Cavallini,FW,Canada,0,0.2,0,0,0,0.0,0.0,0.0,0.0,0.0,100.0,0.0,1.0,0.0,0.0,0.0,0.0,0.0,0.0,0,0.0,0.0,0,,0.0,0.0,0.0,0.0
Lucas Hernández,DF,France,1,0.1,0,0,0,0.0,0.0,0.0,0.0,0.0,50.0,1.0,0.0,0.0,0.0,0.0,0.0,0.0,0.0,0,1.0,0.0,1,50.0,0.0,0.0,1.0,0.0
Lucas Paquetá,MF,Brazil,4,3.5,1,1,0,0.57,0.8,0.0,100.0,0.25,83.7,16.0,9.0,15.0,1.0,0.0,0.0,0.0,4.0,0,13.0,60.0,5,40.0,5.0,4.0,9.0,0.0
Luis Chávez,MF,Mexico,3,3.0,1,0,0,0.33,0.3,0.0,40.0,0.25,71.2,21.0,2.0,11.0,1.0,0.0,0.0,33.3,2.0,0,15.0,50.0,0,25.0,6.0,3.0,2.0,0.0
Luis Suárez,FW,Uruguay,2,1.6,0,1,0,0.62,0.4,0.0,50.0,0.0,62.5,2.0,1.0,2.0,2.0,0.0,1.0,66.7,0.0,0,3.0,33.3,0,0.0,0.0,2.0,1.0,0.0
Luka Jović,FW,Serbia,0,0.4,0,0,0,0.0,0.1,0.0,0.0,0.0,60.0,0.0,0.0,0.0,0.0,0.0,0.0,0.0,1.0,0,0.0,25.0,0,,1.0,0.0,1.0,0.0
Luka Modrić,MF,Croatia,7,7.3,0,0,0,0.0,0.4,0.0,66.7,0.0,84.4,51.0,10.0,61.0,0.0,0.0,0.0,37.5,7.0,0,51.0,42.9,10,50.0,4.0,3.0,26.0,0.0
Lukas Klostermann,DF,Germany,0,0.7,0,0,0,0.0,0.0,0.0,0.0,0.0,98.1,2.0,1.0,4.0,1.0,0.0,0.0,0.0,0.0,0,6.0,0.0,1,66.7,0.0,1.0,3.0,0.0
Luke Shaw,DF,England,5,4.7,0,1,0,0.21,0.1,0.0,33.3,0.0,83.8,23.0,9.0,31.0,3.0,0.0,0.0,100.0,2.0,0,21.0,25.0,1,50.0,2.0,5.0,7.0,0.0
Luuk de Jong,FW,Netherlands,0,0.6,0,0,0,0.0,0.1,0.0,0.0,0.0,66.7,1.0,0.0,1.0,0.0,0.0,0.0,0.0,2.0,0,2.0,50.0,1,,0.0,1.0,2.0,0.0
Majid Hosseini,DF,IR Iran,3,3.0,0,0,0,0.0,0.0,0.0,0.0,0.0,81.1,3.0,0.0,3.0,0.0,0.0,0.0,0.0,1.0,0,22.0,60.0,4,66.7,3.0,11.0,13.0,0.0
Manuel Akanji,DF,Switzerland,4,4.0,1,0,0,0.25,1.1,0.0,25.0,1.0,88.4,15.0,0.0,14.0,0.0,0.0,0.0,0.0,1.0,0,18.0,81.8,2,75.0,4.0,12.0,7.0,0.0
Manuel Neuer,GK,Germany,3,3.0,0,0,0,0.0,0.0,0.0,0.0,0.0,90.6,0.0,0.0,0.0,0.0,0.0,0.0,0.0,0.0,0,4.0,0.0,0,,0.0,0.0,0.0,2.0
Marcelo Brozović,MF,Croatia,6,6.1,0,0,0,0.0,0.5,0.0,50.0,0.0,87.9,31.0,1.0,25.0,1.0,0.0,0.0,37.5,8.0,0,45.0,60.0,7,30.0,13.0,7.0,17.0,0.0
Marco Asensio,FW,Spain,3,2.5,1,0,0,0.39,1.2,0.0,20.0,0.5,74.8,4.0,3.0,5.0,0.0,0.0,0.0,0.0,3.0,0,3.0,0.0,1,,1.0,0.0,1.0,0.0
Marcos Acuña,DF,Argentina,4,4.1,0,0,0,0.0,0.1,0.0,0.0,0.0,77.0,9.0,2.0,9.0,1.0,0.0,0.0,25.0,4.0,0,16.0,41.7,8,85.7,8.0,9.0,14.0,0.0
Marcos Llorente,DF,Spain,1,1.3,0,0,0,0.0,0.0,0.0,0.0,0.0,89.6,9.0,0.0,6.0,0.0,0.0,0.0,0.0,0.0,0,9.0,0.0,0,0.0,0.0,0.0,0.0,0.0
Marcus Rashford,FW,England,1,1.6,3,0,0,1.93,1.6,0.0,54.5,0.5,74.2,1.0,0.0,1.0,1.0,1.0,0.0,55.6,1.0,0,8.0,25.0,0,50.0,2.0,1.0,2.0,0.0
Marcus Thuram,FW,France,0,1.7,0,2,0,1.19,0.2,0.0,0.0,0.0,69.2,1.0,4.0,5.0,2.0,0.0,0.0,50.0,4.0,0,7.0,47.1,2,,2.0,2.0,3.0,0.0
Mario Götze,MF,Germany,0,0.4,0,0,0,0.0,0.1,0.0,100.0,0.0,91.3,1.0,2.0,1.0,1.0,0.0,0.0,0.0,0.0,0,0.0,0.0,0,100.0,2.0,0.0,1.0,0.0
Mario Pašalić,FW,Croatia,2,3.0,0,0,0,0.0,0.3,0.0,0.0,0.0,80.0,3.0,1.0,5.0,0.0,0.0,0.0,0.0,3.0,0,21.0,50.0,5,42.9,6.0,3.0,10.0,0.0
Mark-Anthony Kaye,MF,Canada,1,0.7,0,0,0,0.0,0.0,0.0,0.0,0.0,83.6,1.0,0.0,1.0,0.0,0.0,0.0,0.0,0.0,0,4.0,0.0,1,66.7,0.0,0.0,2.0,0.0
Marko Grujić,MF,Serbia,0,0.1,0,0,0,0.0,0.0,0.0,100.0,0.0,82.4,2.0,0.0,2.0,0.0,0.0,0.0,0.0,0.0,0,2.0,100.0,1,50.0,0.0,1.0,1.0,0.0
Marko Livaja,FW,Croatia,3,2.7,1,1,0,0.75,0.8,0.0,66.7,0.25,60.3,4.0,3.0,7.0,1.0,0.0,0.0,0.0,2.0,0,10.0,44.4,2,33.3,1.0,1.0,3.0,0.0
Marquinhos,DF,Brazil,4,4.7,0,0,0,0.0,0.2,0.0,0.0,0.0,95.7,36.0,3.0,18.0,1.0,0.0,0.0,100.0,0.0,0,28.0,50.0,4,80.0,6.0,6.0,7.0,0.0
Marten de Roon,MF,Netherlands,3,2.0,0,0,0,0.0,0.0,0.0,0.0,0.0,81.5,8.0,0.0,3.0,0.0,0.0,0.0,0.0,0.0,0,8.0,57.1,5,20.0,4.0,6.0,9.0,0.0
Martin Braithwaite,FW,Denmark,1,1.1,0,0,0,0.0,0.1,0.0,0.0,0.0,70.0,0.0,1.0,1.0,0.0,0.0,0.0,50.0,1.0,0,1.0,25.0,0,,0.0,0.0,0.0,0.0
Martin Hongla,MF,Cameroon,2,1.3,0,0,0,0.0,0.1,0.0,100.0,0.0,80.3,7.0,1.0,3.0,0.0,0.0,0.0,66.7,0.0,0,3.0,100.0,0,,2.0,3.0,2.0,0.0
Martinelli,FW,Brazil,1,1.3,0,0,0,0.0,0.5,0.0,75.0,0.0,75.6,3.0,2.0,2.0,0.0,0.0,0.0,30.0,2.0,0,5.0,0.0,1,50.0,2.0,1.0,2.0,0.0
Martín Cáceres,DF,Uruguay,1,1.0,0,0,0,0.0,0.0,0.0,0.0,0.0,86.1,5.0,0.0,2.0,0.0,0.0,0.0,100.0,0.0,0,3.0,100.0,0,0.0,0.0,2.0,0.0,0.0
Mason Mount,MF,England,2,2.1,0,0,0,0.0,0.2,0.0,25.0,0.0,83.6,3.0,1.0,4.0,0.0,0.0,0.0,66.7,2.0,0,7.0,0.0,2,,2.0,0.0,2.0,0.0
Mateo Kovačić,MF,Croatia,7,7.1,0,0,0,0.0,0.3,0.0,33.3,0.0,90.2,47.0,7.0,31.0,2.0,0.0,0.0,55.0,7.0,0,46.0,66.7,17,36.4,4.0,5.0,28.0,0.0
Matheus Nunes,MF,Portugal,1,0.8,0,0,0,0.0,0.0,0.0,0.0,0.0,84.8,2.0,0.0,0.0,0.0,0.0,0.0,50.0,1.0,0,0.0,0.0,0,,1.0,0.0,0.0,0.0
Mathew Leckie,MF,Australia,4,3.7,1,1,0,0.54,0.1,0.0,100.0,1.0,65.0,8.0,1.0,7.0,1.0,1.0,0.0,9.1,7.0,0,15.0,58.3,4,40.0,5.0,6.0,5.0,0.0
Mathew Ryan,GK,Australia,4,4.0,0,0,0,0.0,0.0,0.0,0.0,0.0,68.9,1.0,0.0,0.0,0.0,0.0,0.0,0.0,0.0,0,4.0,0.0,0,,0.0,6.0,0.0,1.0
Mathias Jensen,MF,Denmark,1,0.9,0,0,0,0.0,0.1,0.0,50.0,0.0,77.6,7.0,2.0,4.0,0.0,0.0,0.0,100.0,0.0,0,5.0,100.0,0,100.0,2.0,0.0,1.0,0.0
Mathías Olivera,DF,Uruguay,3,2.8,0,0,0,0.0,0.1,0.0,0.0,0.0,78.2,7.0,4.0,7.0,0.0,0.0,0.0,0.0,2.0,0,15.0,60.0,5,57.1,9.0,10.0,11.0,0.0
Matt Turner,GK,United States,4,4.0,0,0,0,0.0,0.0,0.0,0.0,0.0,78.9,2.0,0.0,0.0,0.0,0.0,0.0,0.0,0.0,0,7.0,0.0,0,,0.0,1.0,0.0,0.0
Matthias Ginter,DF,Germany,0,0.0,0,0,0,0.0,0.0,0.0,0.0,0.0,100.0,0.0,0.0,0.0,0.0,0.0,0.0,0.0,0.0,0,0.0,0.0,0,,0.0,0.0,0.0,0.0
Matthijs de Ligt,DF,Netherlands,1,1.0,0,0,0,0.0,0.0,0.0,0.0,0.0,91.1,4.0,0.0,2.0,0.0,0.0,0.0,0.0,1.0,0,3.0,71.4,0,,0.0,4.0,0.0,0.0
Matty Cash,DF,Poland,4,4.0,0,0,0,0.0,0.0,0.0,0.0,0.0,76.9,12.0,2.0,8.0,0.0,0.0,0.0,25.0,2.0,0,10.0,66.7,3,50.0,7.0,17.0,4.0,0.0
Mattéo Guendouzi,FW,France,1,0.9,0,0,0,0.0,0.0,0.0,0.0,0.0,81.8,4.0,0.0,1.0,0.0,0.0,0.0,0.0,1.0,0,4.0,100.0,1,0.0,0.0,0.0,1.0,0.0
Matías Vecino,MF,Uruguay,2,2.2,0,0,0,0.0,0.1,0.0,100.0,0.0,71.7,8.0,0.0,9.0,0.0,0.0,0.0,0.0,1.0,0,18.0,50.0,3,33.3,6.0,1.0,8.0,0.0
Matías Viña,DF,Uruguay,0,0.2,0,0,0,0.0,0.0,0.0,0.0,0.0,52.4,0.0,0.0,1.0,0.0,0.0,0.0,100.0,1.0,0,1.0,0.0,3,100.0,0.0,0.0,4.0,0.0
Maxi Gómez,FW,Uruguay,0,0.3,0,0,0,0.0,0.1,0.0,50.0,0.0,71.4,0.0,1.0,1.0,0.0,0.0,0.0,0.0,0.0,0,0.0,100.0,0,,0.0,0.0,0.0,0.0
Maya Yoshida,DF,Japan,4,4.3,0,1,0,0.23,0.0,0.0,0.0,0.0,85.3,3.0,0.0,6.0,0.0,0.0,0.0,50.0,1.0,0,30.0,58.8,4,100.0,6.0,24.0,7.0,0.0
Mehdi Taremi,FW,IR Iran,3,3.0,2,1,1,1.0,1.3,0.0,20.0,1.0,74.4,8.0,0.0,4.0,3.0,1.0,0.0,11.1,5.0,0,13.0,41.7,3,40.0,5.0,3.0,6.0,0.0
Mehdi Torabi,MF,IR Iran,0,0.7,0,0,0,0.0,0.1,0.0,0.0,0.0,81.1,5.0,0.0,6.0,0.0,0.0,0.0,50.0,0.0,0,6.0,0.0,0,33.3,1.0,0.0,3.0,0.0
Memphis,FW,Netherlands,3,3.3,1,0,0,0.3,1.5,0.0,50.0,0.2,75.6,6.0,2.0,4.0,3.0,0.0,2.0,18.2,7.0,0,10.0,25.0,1,50.0,4.0,0.0,2.0,1.0
Meshaal Barsham,GK,Qatar,2,2.0,0,0,0,0.0,0.0,0.0,0.0,0.0,71.4,0.0,0.0,0.0,0.0,0.0,0.0,0.0,0.0,0,1.0,0.0,0,,0.0,1.0,0.0,1.0
Michael Estrada,FW,Ecuador,3,2.5,0,0,0,0.0,0.3,0.0,0.0,0.0,56.0,6.0,2.0,7.0,1.0,0.0,0.0,66.7,2.0,0,5.0,48.1,0,0.0,4.0,0.0,1.0,0.0
Michał Skóraś,MF,Poland,0,0.5,0,0,0,0.0,0.0,0.0,0.0,0.0,88.9,0.0,0.0,0.0,0.0,0.0,0.0,0.0,0.0,0,1.0,100.0,0,,1.0,0.0,1.0,0.0
Michel Aebischer,MF,Switzerland,0,0.2,0,0,0,0.0,0.0,0.0,0.0,0.0,50.0,0.0,0.0,0.0,0.0,0.0,0.0,0.0,0.0,0,0.0,100.0,0,0.0,0.0,0.0,0.0,0.0
Michy Batshuayi,FW,Belgium,2,1.7,1,0,0,0.6,0.8,0.0,33.3,0.5,66.7,1.0,0.0,1.0,0.0,0.0,0.0,33.3,4.0,0,4.0,33.3,0,100.0,1.0,0.0,1.0,0.0
Miki Yamane,DF,Japan,1,0.7,0,0,0,0.0,0.0,0.0,0.0,0.0,72.7,4.0,2.0,5.0,0.0,0.0,0.0,100.0,0.0,0,5.0,0.0,0,,2.0,0.0,3.0,0.0
Mikkel Damsgaard,MF,Denmark,1,1.7,0,0,0,0.0,0.0,0.0,0.0,0.0,76.4,9.0,3.0,5.0,0.0,0.0,0.0,0.0,2.0,0,10.0,0.0,2,0.0,2.0,1.0,6.0,0.0
Milad Mohammadi,DF,IR Iran,3,2.2,0,0,0,0.0,0.0,0.0,0.0,0.0,64.7,1.0,0.0,2.0,0.0,0.0,0.0,0.0,2.0,0,11.0,50.0,3,75.0,2.0,6.0,11.0,0.0
Milan Borjan,GK,Canada,3,3.0,0,0,0,0.0,0.0,0.0,0.0,0.0,77.6,1.0,0.0,0.0,0.0,0.0,0.0,0.0,0.0,0,3.0,0.0,0,,0.0,2.0,0.0,1.0
Miloš Degenek,DF,Australia,2,2.0,0,0,0,0.0,0.0,0.0,0.0,0.0,66.3,3.0,0.0,2.0,0.0,0.0,0.0,0.0,1.0,0,15.0,85.7,4,83.3,2.0,9.0,7.0,0.0
Miloš Veljković,DF,Serbia,3,2.5,0,0,0,0.0,0.0,0.0,0.0,0.0,87.5,1.0,0.0,3.0,0.0,0.0,0.0,0.0,0.0,0,12.0,66.7,1,100.0,2.0,7.0,4.0,0.0
Mislav Oršić,FW,Croatia,1,1.8,1,2,0,1.67,0.4,0.0,22.2,0.5,74.1,2.0,4.0,5.0,2.0,0.0,0.0,33.3,0.0,0,4.0,0.0,3,33.3,2.0,1.0,3.0,0.0
Mitchell Duke,FW,Australia,4,3.0,1,0,0,0.33,0.4,0.0,57.1,0.25,57.1,2.0,0.0,1.0,2.0,0.0,0.0,50.0,1.0,0,11.0,47.8,0,,5.0,1.0,2.0,0.0
Mohamed Ali Ben Romdhane,MF,Tunisia,1,0.8,0,0,0,0.0,0.0,0.0,0.0,0.0,66.7,3.0,0.0,0.0,0.0,0.0,0.0,33.3,5.0,0,10.0,100.0,4,100.0,1.0,0.0,5.0,0.0
Mohamed Dräger,DF,Tunisia,2,1.5,0,0,0,0.0,0.2,0.0,0.0,0.0,72.0,1.0,1.0,4.0,0.0,0.0,0.0,50.0,0.0,0,2.0,50.0,3,100.0,0.0,4.0,6.0,0.0
Mohamed Kanno,MF,Saudi Arabia,3,3.0,0,0,0,0.0,0.3,0.0,16.7,0.0,81.0,15.0,2.0,11.0,0.0,0.0,0.0,50.0,1.0,0,19.0,47.1,2,50.0,3.0,7.0,8.0,0.0
Mohammed Al-Breik,DF,Saudi Arabia,1,0.7,0,0,0,0.0,0.4,0.0,50.0,0.0,81.3,5.0,1.0,6.0,0.0,0.0,0.0,0.0,0.0,0,3.0,20.0,0,,2.0,4.0,2.0,0.0
Mohammed Al-Owais,GK,Saudi Arabia,3,3.0,0,0,0,0.0,0.0,0.0,0.0,0.0,57.0,0.0,0.0,0.0,0.0,0.0,0.0,0.0,0.0,0,5.0,100.0,0,0.0,0.0,4.0,0.0,0.0
Mohammed Muntari,FW,Qatar,0,0.7,1,0,0,1.43,0.2,0.0,33.3,1.0,89.5,0.0,0.0,0.0,0.0,0.0,0.0,0.0,0.0,0,4.0,75.0,2,100.0,0.0,2.0,2.0,0.0
Mohammed Salisu,DF,Ghana,3,3.0,1,0,0,0.33,0.8,0.0,50.0,1.0,72.2,8.0,1.0,8.0,2.0,0.0,0.0,0.0,1.0,0,15.0,50.0,1,100.0,5.0,17.0,5.0,0.0
Mohammed Waad,MF,Qatar,0,0.3,0,0,0,0.0,0.0,0.0,0.0,0.0,75.0,0.0,0.0,0.0,0.0,0.0,0.0,100.0,0.0,0,1.0,0.0,0,,1.0,1.0,1.0,0.0
Moisés Caicedo,MF,Ecuador,3,3.0,1,0,0,0.33,0.5,0.0,33.3,1.0,82.4,12.0,1.0,7.0,1.0,0.0,0.0,0.0,1.0,0,14.0,50.0,5,0.0,4.0,2.0,8.0,1.0
Montassar Talbi,DF,Tunisia,3,3.0,0,0,0,0.0,0.0,0.0,100.0,0.0,86.1,11.0,2.0,11.0,0.0,0.0,0.0,0.0,1.0,0,16.0,47.1,2,,7.0,18.0,4.0,0.0
Morteza Pouraliganji,DF,IR Iran,3,3.0,0,0,0,0.0,0.1,0.0,0.0,0.0,71.9,6.0,1.0,7.0,1.0,0.0,0.0,0.0,0.0,0,16.0,60.0,2,50.0,5.0,10.0,8.0,0.0
Moumi Ngamaleu,FW,Cameroon,1,1.1,0,0,0,0.0,0.0,0.0,0.0,0.0,84.0,3.0,0.0,2.0,0.0,0.0,0.0,50.0,3.0,0,5.0,0.0,1,100.0,0.0,0.0,3.0,0.0
Munir,GK,Morocco,1,1.0,0,0,0,0.0,0.0,0.0,0.0,0.0,67.9,0.0,0.0,0.0,0.0,0.0,0.0,0.0,0.0,0,1.0,0.0,0,,0.0,0.0,0.0,0.0
Musab Kheder,DF,Qatar,0,0.1,0,0,0,0.0,0.0,0.0,0.0,0.0,100.0,0.0,0.0,0.0,0.0,0.0,0.0,0.0,0.0,0,0.0,0.0,1,,0.0,0.0,1.0,0.0
Na Sang-ho,FW,Korea Republic,1,1.3,0,0,0,0.0,0.0,0.0,100.0,0.0,64.9,2.0,2.0,2.0,0.0,0.0,0.0,0.0,4.0,0,5.0,50.0,1,100.0,0.0,2.0,4.0,0.0
Nader Ghandri,DF,Tunisia,1,1.0,0,0,0,0.0,0.0,0.0,0.0,0.0,81.8,0.0,0.0,1.0,0.0,0.0,0.0,0.0,0.0,0,2.0,66.7,2,100.0,4.0,4.0,3.0,0.0
Nahuel Molina,DF,Argentina,6,6.3,1,1,0,0.32,0.5,0.0,50.0,1.0,81.3,17.0,3.0,11.0,2.0,0.0,0.0,50.0,3.0,0,23.0,0.0,4,50.0,7.0,11.0,11.0,0.0
Nampalys Mendy,MF,Senegal,3,3.0,0,0,0,0.0,0.1,0.0,0.0,0.0,88.7,13.0,2.0,6.0,0.0,0.0,0.0,100.0,0.0,0,18.0,0.0,4,50.0,4.0,3.0,7.0,0.0
Nasser Al-Dawsari,FW,Saudi Arabia,0,0.1,0,0,0,0.0,0.0,0.0,0.0,0.0,100.0,1.0,1.0,0.0,0.0,0.0,0.0,0.0,1.0,0,1.0,0.0,1,,0.0,0.0,2.0,0.0
Nathan Aké,DF,Netherlands,5,5.3,0,0,0,0.0,0.0,0.0,0.0,0.0,90.3,29.0,1.0,19.0,0.0,0.0,0.0,0.0,0.0,0,21.0,45.5,3,100.0,3.0,20.0,14.0,0.0
Nathaniel Atkinson,DF,Australia,1,0.9,0,0,0,0.0,0.0,0.0,0.0,0.0,79.4,1.0,0.0,3.0,0.0,0.0,0.0,0.0,3.0,0,6.0,0.0,3,66.7,1.0,2.0,5.0,1.0
Nawaf Al Abed,MF,Saudi Arabia,0,1.0,0,0,0,0.0,0.1,0.0,0.0,0.0,84.6,2.0,0.0,0.0,1.0,0.0,1.0,50.0,5.0,0,2.0,0.0,0,,0.0,0.0,1.0,0.0
Nayef Aguerd,DF,Morocco,4,3.9,0,0,0,0.0,0.2,0.0,0.0,0.0,86.7,3.0,0.0,3.0,1.0,0.0,0.0,0.0,0.0,0,18.0,71.4,2,100.0,3.0,12.0,8.0,0.0
Naïm Sliti,MF,Tunisia,1,1.3,0,0,0,0.0,0.1,0.0,0.0,0.0,56.9,3.0,3.0,8.0,0.0,0.0,0.0,62.5,1.0,0,8.0,50.0,1,0.0,0.0,1.0,3.0,0.0
Neco Williams,DF,Wales,3,2.3,0,0,0,0.0,0.1,0.0,0.0,0.0,68.3,5.0,0.0,4.0,0.0,0.0,0.0,14.3,2.0,0,16.0,66.7,3,75.0,5.0,5.0,9.0,0.0
Nemanja Gudelj,MF,Serbia,1,1.0,0,0,0,0.0,0.0,0.0,0.0,0.0,84.6,1.0,0.0,3.0,0.0,0.0,0.0,0.0,2.0,0,6.0,50.0,2,100.0,2.0,1.0,4.0,1.0
Nemanja Maksimović,MF,Serbia,1,1.4,0,0,0,0.0,0.0,0.0,0.0,0.0,87.7,5.0,2.0,0.0,0.0,0.0,0.0,0.0,1.0,0,6.0,0.0,2,66.7,3.0,3.0,7.0,0.0
Nemanja Radonjić,DF,Serbia,0,0.7,0,0,0,0.0,0.1,0.0,0.0,0.0,62.5,0.0,1.0,1.0,0.0,0.0,0.0,0.0,1.0,0,6.0,0.0,0,0.0,0.0,1.0,0.0,0.0
Neymar,MF,Brazil,3,3.1,2,0,1,0.65,2.7,0.0,54.5,0.17,79.1,16.0,4.0,14.0,4.0,1.0,1.0,26.1,12.0,0,11.0,0.0,0,,2.0,0.0,2.0,0.0
Niclas Füllkrug,FW,Germany,0,0.8,2,1,0,3.91,2.2,0.0,37.5,0.67,62.5,1.0,0.0,1.0,1.0,0.0,0.0,100.0,0.0,0,2.0,44.4,0,,0.0,0.0,0.0,0.0
Nico Elvedi,DF,Switzerland,2,2.0,0,0,0,0.0,0.1,0.0,0.0,0.0,92.3,2.0,0.0,6.0,0.0,0.0,0.0,0.0,0.0,0,15.0,40.0,0,33.3,5.0,13.0,3.0,0.0
Nico Schlotterbeck,DF,Germany,1,1.0,0,0,0,0.0,0.0,0.0,0.0,0.0,89.4,10.0,2.0,7.0,0.0,0.0,0.0,0.0,1.0,0,10.0,100.0,3,100.0,2.0,1.0,5.0,0.0
Nico Williams,FW,Spain,1,1.6,0,0,0,0.0,0.1,0.0,0.0,0.0,79.4,1.0,2.0,3.0,1.0,0.0,0.0,31.3,2.0,0,7.0,33.3,2,100.0,2.0,0.0,4.0,0.0
Nicola Zalewski,MF,Poland,1,0.7,0,0,0,0.0,0.0,0.0,0.0,0.0,88.2,0.0,1.0,1.0,0.0,0.0,0.0,0.0,1.0,0,5.0,0.0,0,50.0,1.0,0.0,4.0,0.0
Nicolas Jackson,FW,Senegal,0,0.2,0,0,0,0.0,0.0,0.0,0.0,0.0,90.0,0.0,0.0,0.0,0.0,0.0,0.0,0.0,0.0,0,3.0,0.0,0,,0.0,0.0,0.0,0.0
Nicolas Nkoulou,DF,Cameroon,2,2.0,0,1,0,0.5,0.3,0.0,33.3,0.0,86.8,1.0,0.0,1.0,1.0,0.0,1.0,0.0,0.0,0,11.0,33.3,0,0.0,2.0,8.0,7.0,1.0
Nicolás De La Cruz,MF,Uruguay,0,0.4,0,0,0,0.0,0.0,0.0,100.0,0.0,80.0,3.0,1.0,2.0,0.0,0.0,0.0,0.0,1.0,0,4.0,0.0,0,0.0,0.0,0.0,0.0,0.0
Nicolás Otamendi,DF,Argentina,7,7.7,0,1,0,0.13,0.0,0.0,0.0,0.0,92.2,20.0,0.0,22.0,1.0,0.0,0.0,0.0,1.0,0,39.0,61.8,6,71.4,6.0,24.0,19.0,0.0
Nicolás Tagliafico,DF,Argentina,3,4.1,0,0,0,0.0,1.0,0.0,33.3,0.0,81.5,7.0,1.0,5.0,0.0,0.0,0.0,0.0,1.0,0,12.0,80.0,7,100.0,9.0,9.0,16.0,0.0
Niklas Süle,DF,Germany,3,3.0,0,0,0,0.0,0.1,0.0,0.0,0.0,90.6,26.0,0.0,18.0,0.0,0.0,0.0,0.0,1.0,0,17.0,66.7,4,100.0,1.0,7.0,5.0,0.0
Nikola Milenković,DF,Serbia,3,3.0,0,0,0,0.0,0.2,0.0,0.0,0.0,86.5,10.0,0.0,6.0,0.0,0.0,0.0,0.0,0.0,0,18.0,75.0,5,83.3,6.0,10.0,16.0,1.0
Nikola Vlašić,FW,Croatia,1,2.3,0,0,0,0.0,0.4,0.0,20.0,0.0,81.8,4.0,2.0,4.0,1.0,0.0,0.0,33.3,6.0,0,10.0,25.0,1,0.0,2.0,0.0,2.0,0.0
Noa Lang,MF,Netherlands,0,0.1,0,0,0,0.0,0.0,0.0,0.0,0.0,33.3,0.0,0.0,0.0,0.0,0.0,0.0,0.0,0.0,0,1.0,0.0,0,0.0,1.0,1.0,1.0,0.0
Noah Okafor,FW,Switzerland,0,0.5,0,0,0,0.0,0.0,0.0,0.0,0.0,77.3,1.0,0.0,0.0,0.0,0.0,0.0,0.0,1.0,0,4.0,0.0,0,,1.0,0.0,0.0,0.0
Nouhou Tolo,DF,Cameroon,3,3.0,0,0,0,0.0,0.0,0.0,0.0,0.0,76.1,5.0,1.0,6.0,0.0,0.0,0.0,20.0,0.0,0,17.0,57.1,5,60.0,5.0,10.0,14.0,0.0
Noussair Mazraoui,DF,Morocco,5,4.1,0,0,0,0.0,0.2,0.0,50.0,0.0,81.0,2.0,1.0,3.0,0.0,0.0,0.0,20.0,1.0,0,21.0,25.0,9,72.7,6.0,16.0,15.0,0.0
Nuno Mendes,DF,Portugal,1,0.5,0,0,0,0.0,0.0,0.0,0.0,0.0,90.6,2.0,1.0,2.0,0.0,0.0,0.0,50.0,0.0,0,2.0,100.0,0,,1.0,0.0,2.0,0.0
Néstor Araujo,DF,Mexico,1,1.0,0,0,0,0.0,0.0,0.0,0.0,0.0,83.0,5.0,2.0,3.0,0.0,0.0,0.0,0.0,1.0,0,6.0,0.0,1,100.0,0.0,1.0,4.0,0.0
Olivier Giroud,FW,France,6,4.7,4,0,0,0.86,3.4,0.0,37.5,0.67,64.9,4.0,1.0,5.0,1.0,0.0,0.0,0.0,1.0,0,7.0,59.4,0,0.0,1.0,5.0,2.0,0.0
Olivier Ntcham,MF,Cameroon,0,0.3,0,0,0,0.0,0.0,0.0,100.0,0.0,91.7,3.0,1.0,4.0,1.0,0.0,0.0,100.0,0.0,0,1.0,0.0,0,,0.0,1.0,0.0,0.0
Orbelín Pineda,MF,Mexico,1,0.8,0,0,0,0.0,0.3,0.0,25.0,0.0,72.0,5.0,0.0,3.0,0.0,0.0,0.0,0.0,3.0,0,4.0,0.0,3,66.7,2.0,0.0,4.0,0.0
Osman Bukari,MF,Ghana,0,0.7,1,0,0,1.53,0.5,0.0,33.3,1.0,70.0,0.0,0.0,1.0,0.0,0.0,0.0,0.0,1.0,0,2.0,33.3,0,,0.0,1.0,1.0,0.0
Otávio,MF,Portugal,3,2.2,0,0,0,0.0,0.1,0.0,66.7,0.0,77.2,10.0,7.0,12.0,1.0,0.0,0.0,0.0,3.0,0,16.0,50.0,7,60.0,0.0,1.0,8.0,0.0
Ousmane Dembélé,FW,France,6,4.8,0,2,0,0.42,0.5,0.0,25.0,0.0,75.4,7.0,13.0,10.0,3.0,0.0,0.0,39.1,6.0,0,26.0,66.7,6,66.7,2.0,0.0,14.0,0.0
Pablo Sarabia,FW,Spain,0,0.0,0,0,0,0.0,0.1,0.0,0.0,0.0,40.0,0.0,1.0,0.0,0.0,0.0,0.0,0.0,0.0,0,0.0,0.0,0,,0.0,0.0,0.0,0.0
Paik Seung-ho,MF,Korea Republic,0,0.3,1,0,0,3.46,0.0,0.0,100.0,1.0,74.1,3.0,1.0,2.0,0.0,0.0,0.0,0.0,0.0,0,4.0,100.0,2,100.0,0.0,0.0,3.0,0.0
Pape Abou Cissé,DF,Senegal,1,1.2,0,0,0,0.0,0.0,0.0,0.0,0.0,75.7,2.0,0.0,0.0,0.0,0.0,0.0,100.0,0.0,0,2.0,40.0,0,,2.0,6.0,2.0,0.0
Pape Gueye,MF,Senegal,1,1.7,0,0,0,0.0,0.1,0.0,50.0,0.0,72.6,5.0,2.0,4.0,0.0,0.0,0.0,0.0,3.0,0,5.0,62.5,2,100.0,2.0,2.0,6.0,0.0
Pape Matar Sarr,MF,Senegal,0,0.7,0,0,0,0.0,0.1,0.0,0.0,0.0,83.7,3.0,1.0,2.0,1.0,0.0,0.0,0.0,2.0,0,3.0,100.0,2,100.0,1.0,2.0,3.0,0.0
Papu Gómez,MF,Argentina,2,1.2,0,0,0,0.0,0.0,0.0,0.0,0.0,88.3,2.0,0.0,2.0,0.0,0.0,0.0,50.0,1.0,0,6.0,100.0,0,0.0,1.0,0.0,3.0,0.0
Pathé Ciss,MF,Senegal,2,1.6,0,0,0,0.0,0.0,0.0,0.0,0.0,80.7,6.0,1.0,8.0,0.0,0.0,0.0,33.3,1.0,0,10.0,100.0,3,0.0,1.0,4.0,5.0,0.0
Pau Torres,DF,Spain,1,1.0,0,0,0,0.0,0.0,0.0,0.0,0.0,91.1,11.0,0.0,3.0,0.0,0.0,0.0,0.0,0.0,0,6.0,50.0,0,,1.0,2.0,0.0,0.0
Paulo Dybala,FW,Argentina,0,0.2,0,0,0,0.0,0.0,0.0,0.0,0.0,66.7,0.0,1.0,2.0,0.0,0.0,0.0,50.0,1.0,0,1.0,75.0,1,,0.0,1.0,3.0,0.0
Pedri,MF,Spain,4,4.0,0,0,0,0.0,0.0,0.0,0.0,0.0,90.6,71.0,6.0,33.0,1.0,0.0,0.0,54.5,5.0,0,27.0,100.0,2,16.7,5.0,3.0,8.0,0.0
Pedro,FW,Brazil,0,0.7,0,0,0,0.0,0.5,0.0,25.0,0.0,76.9,0.0,0.0,0.0,0.0,0.0,0.0,0.0,1.0,0,2.0,0.0,2,100.0,0.0,0.0,3.0,0.0
Pepe,DF,Portugal,4,4.0,1,0,0,0.25,0.4,0.0,33.3,1.0,82.4,18.0,0.0,10.0,0.0,0.0,0.0,100.0,1.0,0,28.0,64.3,0,75.0,6.0,11.0,11.0,0.0
Pervis Estupiñán,DF,Ecuador,3,3.0,0,0,0,0.0,0.1,0.0,100.0,0.0,77.9,8.0,4.0,10.0,1.0,0.0,1.0,25.0,4.0,0,21.0,50.0,3,33.3,4.0,6.0,9.0,0.0
Phil Foden,FW,England,3,2.9,1,2,0,1.05,1.1,0.0,16.7,1.0,76.9,3.0,1.0,5.0,3.0,1.0,0.0,50.0,1.0,0,9.0,37.5,1,0.0,2.0,0.0,2.0,0.0
Piero Hincapié,DF,Ecuador,3,3.0,0,0,0,0.0,0.0,0.0,0.0,0.0,84.0,10.0,1.0,8.0,0.0,0.0,0.0,0.0,0.0,0,13.0,62.5,4,66.7,2.0,9.0,9.0,0.0
Pierre Højbjerg,MF,Denmark,3,3.0,0,0,0,0.0,0.0,0.0,50.0,0.0,89.3,30.0,2.0,21.0,0.0,0.0,0.0,50.0,2.0,0,26.0,100.0,2,50.0,3.0,6.0,7.0,0.0
Pierre Kunde,MF,Cameroon,2,1.5,0,0,0,0.0,0.2,0.0,40.0,0.0,77.6,8.0,1.0,4.0,0.0,0.0,0.0,0.0,3.0,0,13.0,100.0,2,0.0,0.0,4.0,8.0,0.0
Piotr Zieliński,MF,Poland,4,3.6,1,0,0,0.27,0.6,0.0,66.7,0.5,81.0,14.0,1.0,8.0,0.0,0.0,0.0,25.0,1.0,0,17.0,0.0,5,25.0,1.0,7.0,8.0,0.0
Przemysław Frankowski,MF,Poland,3,2.7,0,0,0,0.0,0.0,0.0,0.0,0.0,66.2,5.0,2.0,3.0,0.0,0.0,0.0,50.0,3.0,0,12.0,50.0,4,33.3,1.0,5.0,10.0,0.0
Rafael Leão,FW,Portugal,0,1.0,2,0,0,2.05,0.4,0.0,40.0,1.0,68.1,0.0,1.0,3.0,1.0,0.0,0.0,66.7,2.0,0,5.0,100.0,0,,0.0,0.0,1.0,0.0
Raheem Sterling,FW,England,2,1.7,1,1,0,1.21,0.4,0.0,100.0,1.0,81.8,2.0,0.0,2.0,3.0,1.0,0.0,66.7,3.0,0,8.0,50.0,1,0.0,1.0,0.0,2.0,0.0
Ramin Rezaeian,DF,IR Iran,2,2.0,1,0,0,0.5,0.3,0.0,50.0,1.0,69.5,2.0,4.0,5.0,0.0,0.0,0.0,100.0,3.0,0,22.0,14.3,5,42.9,1.0,2.0,10.0,0.0
Randal Kolo Muani,FW,France,1,2.0,1,0,0,0.49,1.1,0.0,50.0,0.5,56.8,2.0,0.0,0.0,1.0,0.0,0.0,37.5,6.0,0,9.0,64.3,5,100.0,1.0,1.0,8.0,0.0
Raphaël Guerreiro,DF,Portugal,3,3.1,1,2,0,0.97,0.4,0.0,33.3,1.0,84.3,9.0,4.0,14.0,4.0,0.0,0.0,100.0,1.0,0,17.0,66.7,2,50.0,3.0,2.0,6.0,0.0
Raphaël Varane,DF,France,6,5.8,0,0,0,0.0,0.3,0.0,0.0,0.0,89.5,20.0,0.0,5.0,0.0,0.0,0.0,100.0,0.0,0,17.0,44.4,0,0.0,4.0,15.0,7.0,0.0
Raphinha,FW,Brazil,4,3.5,0,1,0,0.29,1.2,0.0,75.0,0.0,74.0,5.0,5.0,11.0,0.0,0.0,0.0,26.7,4.0,0,11.0,0.0,6,75.0,3.0,0.0,11.0,0.0
Rasmus Nissen,DF,Denmark,3,2.5,0,0,0,0.0,0.0,0.0,0.0,0.0,76.5,13.0,2.0,19.0,0.0,0.0,0.0,20.0,3.0,0,15.0,75.0,7,50.0,3.0,7.0,9.0,0.0
Raúl Jiménez,FW,Mexico,0,0.7,0,0,0,0.0,0.0,0.0,0.0,0.0,62.5,3.0,1.0,3.0,0.0,0.0,0.0,0.0,0.0,0,2.0,100.0,0,,0.0,1.0,1.0,0.0
Remo Freuler,MF,Switzerland,4,3.6,1,0,0,0.28,0.5,0.0,33.3,1.0,82.5,11.0,1.0,11.0,1.0,0.0,0.0,0.0,0.0,0,19.0,20.0,5,66.7,3.0,3.0,11.0,1.0
Renato Steffen,FW,Switzerland,0,0.4,0,0,0,0.0,0.0,0.0,0.0,0.0,86.7,1.0,1.0,2.0,0.0,0.0,0.0,0.0,2.0,0,5.0,0.0,0,,1.0,0.0,0.0,0.0
Ricardo Horta,FW,Portugal,1,1.3,1,0,0,0.76,0.8,0.0,66.7,0.5,67.4,1.0,1.0,2.0,0.0,0.0,0.0,0.0,0.0,0,6.0,0.0,1,100.0,1.0,0.0,3.0,0.0
Ricardo Rodríguez,DF,Switzerland,4,4.0,0,0,0,0.0,0.0,0.0,0.0,0.0,71.6,18.0,2.0,10.0,0.0,0.0,0.0,0.0,3.0,0,16.0,83.3,2,66.7,1.0,8.0,7.0,0.0
Richarlison,FW,Brazil,4,3.6,3,0,0,0.84,2.1,0.0,50.0,0.75,69.0,2.0,3.0,3.0,1.0,0.0,0.0,0.0,3.0,0,13.0,33.3,2,,4.0,4.0,3.0,0.0
Richie Laryea,DF,Canada,2,1.8,0,0,0,0.0,0.1,0.0,0.0,0.0,74.5,1.0,1.0,0.0,0.0,0.0,0.0,33.3,1.0,0,11.0,0.0,1,100.0,2.0,3.0,3.0,0.0
Riley McGree,FW,Australia,4,2.9,0,1,0,0.34,0.1,0.0,33.3,0.0,76.0,5.0,2.0,3.0,2.0,0.0,0.0,0.0,2.0,0,11.0,33.3,1,0.0,5.0,3.0,7.0,0.0
Ritsu Doan,FW,Japan,2,2.4,2,0,0,0.83,0.5,0.0,75.0,0.67,64.3,2.0,2.0,5.0,2.0,0.0,0.0,50.0,3.0,0,11.0,20.0,5,33.3,4.0,2.0,9.0,0.0
Riyadh Sharahili,MF,Saudi Arabia,0,0.6,0,0,0,0.0,0.0,0.0,0.0,0.0,82.4,0.0,0.0,0.0,0.0,0.0,0.0,50.0,1.0,0,3.0,50.0,0,,1.0,4.0,2.0,0.0
Roan Wilson,MF,Costa Rica,0,0.0,0,0,0,0.0,0.0,0.0,0.0,0.0,100.0,0.0,0.0,0.0,0.0,0.0,0.0,0.0,0.0,0,1.0,0.0,0,,1.0,1.0,0.0,0.0
Robert Lewandowski,FW,Poland,4,4.0,2,1,2,0.75,2.9,0.0,20.0,0.5,67.0,9.0,1.0,6.0,4.0,2.0,0.0,41.7,6.0,0,14.0,48.5,2,0.0,3.0,8.0,3.0,0.0
Robert Skov,DF,Denmark,0,0.2,0,0,0,0.0,0.0,0.0,0.0,0.0,81.0,1.0,1.0,2.0,0.0,0.0,0.0,0.0,0.0,0,2.0,0.0,0,,0.0,0.0,0.0,0.0
Roberto Alvarado,FW,Mexico,0,0.2,0,0,0,0.0,0.0,0.0,0.0,0.0,50.0,0.0,0.0,0.0,0.0,0.0,0.0,0.0,0.0,0,0.0,100.0,0,,0.0,0.0,0.0,0.0
Rodri,DF,Spain,4,4.3,0,0,0,0.0,0.0,0.0,0.0,0.0,93.2,46.0,2.0,25.0,0.0,0.0,0.0,0.0,0.0,0,35.0,76.2,2,100.0,3.0,9.0,8.0,0.0
Rodrigo Bentancur,MF,Uruguay,3,2.4,0,0,0,0.0,0.6,0.0,33.3,0.0,85.0,16.0,1.0,11.0,0.0,0.0,0.0,50.0,3.0,0,35.0,66.7,8,100.0,3.0,5.0,16.0,0.0
Rodrigo De Paul,MF,Argentina,7,6.7,0,0,0,0.0,0.9,0.0,42.9,0.0,83.6,35.0,7.0,18.0,0.0,0.0,0.0,11.1,7.0,0,42.0,40.0,6,61.5,8.0,3.0,18.0,0.0
Rodrygo,MF,Brazil,1,2.0,0,1,0,0.5,0.4,0.0,33.3,0.0,80.5,4.0,3.0,7.0,1.0,0.0,0.0,22.2,3.0,0,11.0,0.0,1,0.0,6.0,1.0,6.0,0.0
Rogelio Funes Mori,FW,Mexico,0,0.1,0,0,0,0.0,0.1,0.0,0.0,0.0,0.0,0.0,0.0,0.0,0.0,0.0,0.0,0.0,0.0,0,0.0,0.0,0,,0.0,0.0,1.0,0.0
Romain Saïss,DF,Morocco,6,5.2,1,0,0,0.19,0.8,0.0,100.0,1.0,79.9,8.0,1.0,7.0,0.0,0.0,0.0,50.0,0.0,0,28.0,100.0,2,40.0,3.0,30.0,8.0,1.0
Romario Ibarra,MF,Ecuador,1,0.8,0,0,0,0.0,0.1,0.0,50.0,0.0,71.4,1.0,0.0,0.0,0.0,0.0,0.0,100.0,1.0,0,3.0,0.0,0,,1.0,2.0,1.0,0.0
Romelu Lukaku,FW,Belgium,0,0.6,0,0,0,0.0,1.7,0.0,40.0,0.0,66.7,0.0,0.0,0.0,0.0,0.0,0.0,100.0,1.0,0,1.0,100.0,0,,0.0,1.0,0.0,0.0
Roozbeh Cheshmi,DF,IR Iran,1,0.6,1,0,0,1.55,0.1,0.0,100.0,1.0,63.6,0.0,0.0,0.0,0.0,0.0,0.0,0.0,0.0,0,4.0,33.3,0,,1.0,3.0,2.0,0.0
Ruben Vargas,FW,Switzerland,4,3.2,0,1,0,0.32,0.3,0.0,33.3,0.0,68.4,4.0,1.0,5.0,2.0,0.0,0.0,14.3,1.0,0,11.0,33.3,0,,2.0,4.0,1.0,0.0
Rubin Colwill,MF,Wales,0,0.1,0,0,0,0.0,0.0,0.0,0.0,0.0,50.0,0.0,0.0,0.0,0.0,0.0,0.0,0.0,0.0,0,1.0,0.0,0,0.0,1.0,0.0,0.0,0.0
Ró-Ró,DF,Qatar,3,2.9,0,0,0,0.0,0.1,0.0,0.0,0.0,72.2,4.0,2.0,4.0,0.0,0.0,0.0,50.0,2.0,0,14.0,60.0,4,50.0,2.0,3.0,14.0,0.0
Rónald Matarrita,DF,Costa Rica,0,0.3,0,0,0,0.0,0.0,0.0,0.0,0.0,62.1,2.0,0.0,0.0,0.0,0.0,0.0,100.0,0.0,0,4.0,0.0,0,,1.0,0.0,0.0,0.0
Rúben Dias,DF,Portugal,4,4.0,0,0,0,0.0,0.0,0.0,0.0,0.0,90.5,13.0,0.0,11.0,0.0,0.0,0.0,0.0,1.0,0,15.0,62.5,4,0.0,2.0,9.0,7.0,0.0
Rúben Neves,MF,Portugal,4,3.0,0,0,0,0.0,0.1,0.0,0.0,0.0,91.4,23.0,2.0,13.0,0.0,0.0,0.0,0.0,1.0,0,12.0,40.0,1,0.0,3.0,5.0,5.0,0.0
Saad Al Sheeb,GK,Qatar,1,1.0,0,0,0,0.0,0.0,0.0,0.0,0.0,90.0,0.0,0.0,0.0,0.0,0.0,0.0,0.0,0.0,0,3.0,100.0,0,,0.0,0.0,0.0,0.0
Sadegh Moharrami,DF,IR Iran,1,1.0,0,0,0,0.0,0.0,0.0,0.0,0.0,69.2,0.0,0.0,0.0,1.0,0.0,0.0,100.0,2.0,0,6.0,33.3,1,0.0,1.0,3.0,2.0,0.0
Saeid Ezatolahi,MF,IR Iran,2,2.4,0,0,0,0.0,0.1,0.0,33.3,0.0,75.0,7.0,4.0,4.0,0.0,0.0,0.0,0.0,0.0,0,17.0,60.0,1,25.0,3.0,4.0,8.0,0.0
Saleh Al-Shehri,FW,Saudi Arabia,3,2.5,1,0,0,0.4,0.1,0.0,100.0,0.5,61.7,4.0,0.0,0.0,0.0,0.0,0.0,0.0,1.0,0,7.0,46.2,1,0.0,3.0,2.0,3.0,0.0
Salem Al-Dawsari,MF,Saudi Arabia,3,3.0,2,0,1,0.67,1.8,0.0,66.7,0.5,77.5,11.0,6.0,11.0,1.0,0.0,0.0,20.0,6.0,0,16.0,50.0,4,50.0,1.0,2.0,6.0,0.0
Salis Abdul Samed,MF,Ghana,3,2.8,0,0,0,0.0,0.0,0.0,0.0,0.0,89.0,11.0,0.0,2.0,0.0,0.0,0.0,75.0,2.0,0,15.0,0.0,2,0.0,2.0,8.0,6.0,0.0
Salman Al-Faraj,MF,Saudi Arabia,1,0.5,0,0,0,0.0,0.0,0.0,0.0,0.0,75.0,0.0,1.0,0.0,0.0,0.0,0.0,0.0,2.0,0,1.0,0.0,0,0.0,2.0,0.0,1.0,0.0
Sam Adekugbe,DF,Canada,1,1.1,0,0,0,0.0,0.0,0.0,0.0,0.0,88.7,4.0,2.0,4.0,0.0,0.0,0.0,100.0,0.0,0,3.0,100.0,0,,1.0,1.0,1.0,0.0
Saman Ghoddos,MF,IR Iran,0,0.5,0,0,0,0.0,0.2,0.0,0.0,0.0,75.0,0.0,0.0,2.0,0.0,0.0,0.0,0.0,1.0,0,1.0,0.0,0,0.0,0.0,0.0,1.0,0.0
Sami Al-Najei,MF,Saudi Arabia,1,0.5,0,0,0,0.0,0.0,0.0,0.0,0.0,61.9,0.0,0.0,0.0,0.0,0.0,0.0,0.0,1.0,0,2.0,0.0,0,,1.0,0.0,0.0,0.0
Samuel Oum Gouet,MF,Cameroon,1,1.1,0,0,0,0.0,0.0,0.0,0.0,0.0,88.1,6.0,0.0,3.0,0.0,0.0,0.0,0.0,0.0,0,10.0,100.0,1,,0.0,3.0,1.0,0.0
Sardar Azmoun,FW,IR Iran,2,1.4,0,0,0,0.0,0.9,0.0,60.0,0.0,60.0,3.0,1.0,2.0,0.0,0.0,0.0,0.0,0.0,0,3.0,44.4,0,0.0,0.0,1.0,0.0,0.0
Saud Abdulhamid,DF,Saudi Arabia,3,3.0,0,0,0,0.0,0.0,0.0,0.0,0.0,72.1,9.0,4.0,11.0,0.0,0.0,0.0,50.0,1.0,0,14.0,40.0,2,100.0,3.0,6.0,7.0,0.0
Saša Lukić,MF,Serbia,3,2.7,0,0,0,0.0,0.1,0.0,0.0,0.0,88.3,12.0,1.0,5.0,0.0,0.0,0.0,0.0,2.0,0,19.0,50.0,0,0.0,2.0,5.0,3.0,1.0
Sebastian Szymański,MF,Poland,2,1.5,0,0,0,0.0,0.0,0.0,0.0,0.0,63.4,3.0,0.0,2.0,0.0,0.0,0.0,33.3,2.0,0,6.0,16.7,3,0.0,4.0,1.0,8.0,0.0
Sebastián Coates,DF,Uruguay,2,2.0,0,0,0,0.0,0.1,0.0,0.0,0.0,81.7,10.0,0.0,7.0,0.0,0.0,0.0,0.0,2.0,0,9.0,100.0,0,,3.0,6.0,2.0,0.0
Selim Amallah,MF,Morocco,4,4.5,0,0,0,0.0,0.2,0.0,0.0,0.0,74.7,4.0,2.0,4.0,0.0,0.0,0.0,14.3,5.0,0,12.0,18.2,9,54.5,6.0,3.0,21.0,0.0
Serge Gnabry,FW,Germany,3,2.9,1,1,0,0.68,1.1,0.0,33.3,0.25,72.9,1.0,4.0,3.0,1.0,0.0,0.0,60.0,7.0,0,11.0,0.0,2,80.0,2.0,3.0,7.0,0.0
Sergej Milinković-Savić,MF,Serbia,3,2.6,1,0,0,0.39,0.2,0.0,33.3,1.0,72.5,9.0,2.0,10.0,3.0,0.0,0.0,50.0,2.0,0,18.0,50.0,1,75.0,5.0,5.0,7.0,0.0
Sergio Busquets,MF,Spain,4,4.0,0,0,0,0.0,0.1,0.0,0.0,0.0,90.3,31.0,3.0,17.0,1.0,0.0,0.0,100.0,2.0,0,28.0,61.5,4,60.0,2.0,1.0,8.0,0.0
Sergio Rochet,GK,Uruguay,3,3.0,0,0,0,0.0,0.0,0.0,0.0,0.0,69.2,0.0,0.0,0.0,0.0,0.0,0.0,0.0,0.0,0,2.0,100.0,0,,0.0,1.0,0.0,1.0
Sergiño Dest,DF,United States,4,3.4,0,1,0,0.3,0.2,0.0,0.0,0.0,86.0,15.0,2.0,13.0,1.0,0.0,0.0,38.5,8.0,0,13.0,25.0,2,66.7,3.0,7.0,6.0,0.0
Shaquell Moore,DF,United States,0,0.2,0,0,0,0.0,0.0,0.0,0.0,0.0,66.7,1.0,0.0,0.0,0.0,0.0,0.0,0.0,0.0,0,2.0,100.0,2,100.0,0.0,3.0,2.0,0.0
Shogo Taniguchi,DF,Japan,2,2.3,0,0,0,0.0,0.2,0.0,0.0,0.0,84.7,10.0,0.0,2.0,0.0,0.0,0.0,0.0,0.0,0,8.0,72.7,0,,2.0,10.0,2.0,0.0
Shūichi Gonda,GK,Japan,4,4.3,0,0,0,0.0,0.0,0.0,0.0,0.0,60.2,1.0,0.0,0.0,0.0,0.0,0.0,0.0,0.0,0,1.0,100.0,0,,0.0,1.0,0.0,1.0
Silvan Widmer,DF,Switzerland,3,2.9,0,1,0,0.34,0.0,0.0,0.0,0.0,75.1,12.0,3.0,10.0,1.0,0.0,0.0,50.0,6.0,0,13.0,75.0,6,100.0,3.0,15.0,12.0,0.0
Simon Kjær,DF,Denmark,1,0.7,0,0,0,0.0,0.0,0.0,0.0,0.0,84.7,3.0,1.0,4.0,0.0,0.0,0.0,0.0,0.0,0,6.0,75.0,0,,1.0,2.0,5.0,0.0
Sofiane Boufal,FW,Morocco,7,5.3,0,0,0,0.0,0.3,0.0,14.3,0.0,74.4,10.0,6.0,14.0,0.0,0.0,0.0,51.9,5.0,0,20.0,30.0,5,50.0,9.0,1.0,13.0,0.0
Sofyan Amrabat,MF,Morocco,7,7.3,0,0,0,0.0,0.0,0.0,0.0,0.0,83.5,10.0,1.0,16.0,0.0,0.0,0.0,0.0,3.0,0,57.0,40.0,10,64.3,2.0,10.0,22.0,0.0
Son Heung-min,FW,Korea Republic,4,4.0,0,1,0,0.25,0.4,0.0,33.3,0.0,67.0,1.0,3.0,3.0,2.0,0.0,0.0,20.0,6.0,0,16.0,0.0,2,100.0,2.0,0.0,7.0,1.0
Son Jun-ho,MF,Korea Republic,0,0.8,0,0,0,0.0,0.0,0.0,0.0,0.0,93.2,10.0,0.0,5.0,0.0,0.0,0.0,0.0,0.0,0,9.0,0.0,3,100.0,3.0,0.0,6.0,0.0
Sorba Thomas,MF,Wales,0,0.0,0,0,0,0.0,0.0,0.0,0.0,0.0,75.0,0.0,1.0,0.0,0.0,0.0,0.0,0.0,1.0,0,1.0,0.0,1,,0.0,0.0,1.0,0.0
Srđan Babić,DF,Serbia,0,0.1,0,0,0,0.0,0.0,0.0,0.0,0.0,62.5,0.0,0.0,0.0,0.0,0.0,0.0,0.0,0.0,0,1.0,0.0,0,33.3,0.0,1.0,1.0,0.0
Stefan Mitrović,DF,Serbia,0,0.4,0,0,0,0.0,0.0,0.0,0.0,0.0,85.7,0.0,0.0,0.0,0.0,0.0,0.0,0.0,0.0,0,1.0,0.0,0,0.0,0.0,0.0,0.0,0.0
Stephen Eustáquio,MF,Canada,2,1.4,0,0,0,0.0,0.2,0.0,0.0,0.0,89.2,8.0,3.0,10.0,0.0,0.0,0.0,100.0,2.0,0,10.0,50.0,2,33.3,0.0,6.0,6.0,0.0
Steve Mandanda,GK,France,1,1.0,0,0,0,0.0,0.0,0.0,0.0,0.0,61.3,0.0,0.0,0.0,0.0,0.0,0.0,0.0,0.0,0,1.0,0.0,0,,0.0,0.0,0.0,0.0
Steven Berghuis,MF,Netherlands,1,2.2,0,1,0,0.45,0.3,0.0,0.0,0.0,74.0,17.0,2.0,8.0,1.0,0.0,0.0,25.0,1.0,0,8.0,33.3,1,50.0,1.0,0.0,2.0,0.0
Steven Bergwijn,FW,Netherlands,3,2.4,0,0,0,0.0,0.5,0.0,0.0,0.0,88.9,2.0,1.0,2.0,0.0,0.0,0.0,25.0,2.0,0,4.0,0.0,1,0.0,2.0,0.0,1.0,0.0
Steven Vitória,DF,Canada,3,3.0,0,0,0,0.0,0.0,0.0,0.0,0.0,86.0,8.0,0.0,8.0,0.0,0.0,0.0,0.0,1.0,0,18.0,66.7,3,100.0,4.0,7.0,3.0,0.0
Strahinja Pavlović,DF,Serbia,3,2.6,1,0,0,0.38,0.2,0.0,50.0,1.0,77.6,15.0,0.0,13.0,0.0,0.0,0.0,66.7,3.0,0,18.0,85.7,2,50.0,6.0,7.0,8.0,0.0
Sultan Al-Ghanam,DF,Saudi Arabia,1,1.4,0,0,0,0.0,0.2,0.0,0.0,0.0,65.4,0.0,2.0,5.0,0.0,0.0,0.0,0.0,1.0,0,4.0,0.0,0,0.0,3.0,3.0,2.0,0.0
Taha Yassine Khenissi,FW,Tunisia,0,0.3,0,0,0,0.0,0.0,0.0,0.0,0.0,33.3,1.0,0.0,0.0,0.0,0.0,0.0,0.0,2.0,0,0.0,33.3,0,,0.0,0.0,0.0,0.0
Tajon Buchanan,MF,Canada,3,2.9,0,1,0,0.35,0.9,0.0,0.0,0.0,68.5,5.0,4.0,7.0,1.0,0.0,0.0,28.0,7.0,0,14.0,33.3,1,20.0,3.0,0.0,4.0,0.0
Takefusa Kubo,FW,Japan,2,1.0,0,0,0,0.0,0.0,0.0,0.0,0.0,54.5,0.0,1.0,1.0,0.0,0.0,0.0,0.0,1.0,0,4.0,50.0,1,,3.0,0.0,1.0,0.0
Takehiro Tomiyasu,DF,Japan,1,2.1,0,0,0,0.0,0.0,0.0,0.0,0.0,70.9,6.0,2.0,4.0,0.0,0.0,0.0,0.0,0.0,0,12.0,60.0,0,,2.0,7.0,0.0,1.0
Takuma Asano,FW,Japan,0,1.8,1,0,0,0.55,0.7,0.0,25.0,0.5,75.0,3.0,0.0,0.0,0.0,0.0,0.0,0.0,1.0,0,8.0,10.0,0,,0.0,1.0,1.0,0.0
Takumi Minamino,FW,Japan,0,0.7,0,0,0,0.0,0.1,0.0,50.0,0.0,63.6,0.0,1.0,0.0,1.0,0.0,1.0,0.0,2.0,0,4.0,0.0,1,100.0,0.0,1.0,2.0,0.0
Tarek Salman,DF,Qatar,0,0.1,0,0,0,0.0,0.0,0.0,0.0,0.0,70.0,1.0,0.0,0.0,0.0,0.0,0.0,0.0,0.0,0,1.0,0.0,0,,0.0,0.0,2.0,0.0
Tariq Lamptey,DF,Ghana,1,1.1,0,0,0,0.0,0.1,0.0,0.0,0.0,61.8,0.0,2.0,2.0,0.0,0.0,0.0,0.0,1.0,0,8.0,0.0,1,75.0,1.0,4.0,4.0,0.0
Teun Koopmeiners,MF,Netherlands,1,2.4,0,1,0,0.41,0.1,0.0,50.0,0.0,75.6,9.0,0.0,6.0,2.0,0.0,0.0,50.0,4.0,0,12.0,57.1,5,62.5,2.0,4.0,14.0,0.0
Theo Hernández,DF,France,5,5.6,1,2,0,0.53,0.4,0.0,40.0,0.5,85.3,23.0,7.0,16.0,3.0,0.0,0.0,40.0,5.0,0,30.0,66.7,13,66.7,5.0,8.0,20.0,1.0
Thiago Almada,MF,Argentina,0,0.1,0,0,0,0.0,0.0,0.0,0.0,0.0,100.0,0.0,1.0,1.0,0.0,0.0,0.0,0.0,0.0,0,0.0,0.0,0,,0.0,0.0,0.0,0.0
Thiago Silva,DF,Brazil,4,4.3,0,1,0,0.23,0.2,0.0,0.0,0.0,93.6,15.0,3.0,15.0,1.0,0.0,0.0,0.0,0.0,0,17.0,60.0,1,,3.0,6.0,8.0,0.0
Thibaut Courtois,GK,Belgium,3,3.0,0,0,0,0.0,0.0,0.0,0.0,0.0,87.8,2.0,0.0,0.0,0.0,0.0,0.0,100.0,0.0,0,2.0,0.0,0,,0.0,0.0,0.0,1.0
Thilo Kehrer,DF,Germany,1,0.8,0,0,0,0.0,0.0,0.0,0.0,0.0,75.9,1.0,0.0,1.0,0.0,0.0,0.0,0.0,0.0,0,3.0,0.0,2,100.0,1.0,2.0,9.0,0.0
Thomas Delaney,MF,Denmark,1,0.5,0,0,0,0.0,0.0,0.0,0.0,0.0,82.8,3.0,0.0,1.0,0.0,0.0,0.0,0.0,0.0,0,2.0,66.7,1,,0.0,1.0,1.0,0.0
Thomas Meunier,DF,Belgium,2,2.3,0,0,0,0.0,0.2,0.0,33.3,0.0,74.8,8.0,2.0,9.0,0.0,0.0,0.0,33.3,1.0,0,13.0,40.0,6,80.0,1.0,5.0,8.0,0.0
Thomas Müller,FW,Germany,3,2.2,0,0,0,0.0,0.3,0.0,0.0,0.0,71.8,2.0,4.0,6.0,0.0,0.0,0.0,0.0,2.0,0,1.0,12.5,2,50.0,4.0,0.0,3.0,0.0
Thomas Partey,MF,Ghana,3,3.0,0,0,0,0.0,0.2,0.0,0.0,0.0,83.0,18.0,2.0,14.0,1.0,0.0,0.0,100.0,4.0,0,21.0,66.7,5,100.0,8.0,8.0,9.0,0.0
Thorgan Hazard,FW,Belgium,1,1.2,0,0,0,0.0,0.0,0.0,0.0,0.0,69.0,2.0,1.0,4.0,0.0,0.0,0.0,0.0,0.0,0,6.0,0.0,2,0.0,4.0,0.0,3.0,0.0
Tim Ream,DF,United States,4,4.0,0,0,0,0.0,0.3,0.0,0.0,0.0,88.8,18.0,0.0,17.0,0.0,0.0,0.0,100.0,0.0,0,19.0,42.9,3,100.0,2.0,12.0,8.0,0.0
Timothy Castagne,DF,Belgium,3,3.0,0,0,0,0.0,0.0,0.0,0.0,0.0,87.1,15.0,0.0,9.0,0.0,0.0,0.0,0.0,0.0,0,9.0,40.0,4,66.7,1.0,4.0,9.0,0.0
Timothy Weah,FW,United States,4,3.5,1,0,0,0.28,0.6,0.0,60.0,0.33,83.3,6.0,2.0,4.0,0.0,0.0,0.0,100.0,5.0,0,10.0,40.0,0,0.0,5.0,0.0,0.0,0.0
Toby Alderweireld,DF,Belgium,3,3.0,0,1,0,0.33,0.0,0.0,0.0,0.0,90.8,17.0,2.0,10.0,1.0,0.0,0.0,0.0,0.0,0,9.0,33.3,2,40.0,3.0,19.0,4.0,0.0
Trent Alexander-Arnold,DF,England,0,0.4,0,0,0,0.0,0.0,0.0,0.0,0.0,91.3,0.0,1.0,3.0,0.0,0.0,0.0,0.0,0.0,0,1.0,0.0,0,,1.0,0.0,0.0,0.0
Tyler Adams,MF,United States,4,4.0,0,0,0,0.0,0.0,0.0,0.0,0.0,88.9,23.0,3.0,17.0,0.0,0.0,0.0,100.0,3.0,0,33.0,71.4,9,42.9,6.0,6.0,15.0,0.0
Unai Simón,GK,Spain,4,4.3,0,0,0,0.0,0.0,0.0,0.0,0.0,93.8,0.0,0.0,1.0,0.0,0.0,0.0,0.0,0.0,0,11.0,100.0,0,,0.0,2.0,0.0,3.0
Uriel Antuna,FW,Mexico,0,0.9,0,0,0,0.0,0.2,0.0,50.0,0.0,60.0,0.0,1.0,0.0,0.0,0.0,0.0,0.0,0.0,0,1.0,0.0,3,100.0,1.0,0.0,4.0,0.0
Vanja Milinković-Savić,GK,Serbia,3,3.0,0,0,0,0.0,0.0,0.0,0.0,0.0,72.0,4.0,0.0,0.0,0.0,0.0,0.0,0.0,0.0,0,5.0,100.0,0,,0.0,2.0,1.0,0.0
Victor Nelsson,DF,Denmark,1,1.0,0,0,0,0.0,0.0,0.0,0.0,0.0,93.2,8.0,0.0,11.0,0.0,0.0,0.0,0.0,0.0,0,3.0,57.1,0,0.0,2.0,1.0,2.0,0.0
Vincent Aboubakar,FW,Cameroon,1,1.6,2,1,0,1.9,0.6,0.0,50.0,0.67,64.5,2.0,0.0,2.0,2.0,1.0,0.0,71.4,0.0,1,3.0,40.0,0,,0.0,4.0,0.0,0.0
Vincent Janssen,FW,Netherlands,1,1.0,0,0,0,0.0,0.1,0.0,0.0,0.0,80.0,2.0,2.0,2.0,0.0,0.0,0.0,100.0,1.0,0,2.0,50.0,0,0.0,2.0,1.0,2.0,0.0
Vinicius Júnior,FW,Brazil,4,3.3,1,2,0,0.9,1.0,0.0,44.4,0.25,75.6,5.0,3.0,3.0,4.0,0.0,1.0,33.3,11.0,0,12.0,0.0,1,0.0,5.0,0.0,3.0,0.0
Virgil van Dijk,DF,Netherlands,5,5.3,0,0,0,0.0,0.2,0.0,0.0,0.0,87.4,7.0,1.0,15.0,0.0,0.0,0.0,0.0,0.0,0,31.0,61.9,1,50.0,8.0,21.0,6.0,0.0
Vitinha,MF,Portugal,1,1.3,0,0,0,0.0,0.1,0.0,100.0,0.0,92.6,15.0,2.0,9.0,0.0,0.0,0.0,50.0,1.0,0,4.0,0.0,2,50.0,0.0,1.0,4.0,0.0
Wahbi Khazri,FW,Tunisia,1,0.9,1,0,0,1.08,0.4,0.0,60.0,0.33,65.0,3.0,1.0,2.0,0.0,0.0,0.0,0.0,2.0,0,5.0,0.0,0,100.0,0.0,0.0,2.0,0.0
Wajdi Kechrida,DF,Tunisia,1,1.2,0,0,0,0.0,0.0,0.0,0.0,0.0,63.8,3.0,2.0,4.0,0.0,0.0,0.0,0.0,3.0,0,6.0,33.3,3,100.0,3.0,4.0,3.0,0.0
Walid Cheddira,FW,Morocco,0,0.7,0,0,0,0.0,0.5,0.0,50.0,0.0,50.0,1.0,0.0,1.0,0.0,0.0,0.0,0.0,0.0,1,0.0,50.0,0,,0.0,2.0,1.0,0.0
Walker Zimmerman,DF,United States,3,3.1,0,0,0,0.0,0.1,0.0,0.0,0.0,88.9,6.0,0.0,3.0,0.0,0.0,0.0,0.0,0.0,0,17.0,61.5,2,75.0,4.0,15.0,7.0,0.0
Wataru Endo,MF,Japan,3,3.4,0,0,0,0.0,0.2,0.0,16.7,0.0,80.7,12.0,2.0,9.0,1.0,0.0,0.0,20.0,5.0,0,22.0,50.0,4,60.0,8.0,6.0,11.0,0.0
Wayne Hennessey,GK,Wales,2,1.9,0,0,0,0.0,0.0,0.0,0.0,0.0,75.8,0.0,0.0,0.0,0.0,0.0,0.0,0.0,0.0,1,0.0,100.0,0,,0.0,0.0,0.0,0.0
Weston McKennie,MF,United States,4,3.0,0,0,0,0.0,0.4,0.0,20.0,0.0,76.5,16.0,5.0,17.0,1.0,0.0,0.0,50.0,3.0,0,14.0,50.0,1,25.0,4.0,5.0,2.0,0.0
William Carvalho,MF,Portugal,2,2.4,0,0,0,0.0,0.1,0.0,0.0,0.0,91.8,8.0,0.0,11.0,1.0,0.0,0.0,0.0,0.0,0,15.0,100.0,5,50.0,2.0,3.0,6.0,0.0
William Saliba,DF,France,0,0.3,0,0,0,0.0,0.0,0.0,0.0,0.0,100.0,2.0,0.0,1.0,0.0,0.0,0.0,100.0,0.0,0,3.0,0.0,0,,1.0,0.0,0.0,0.0
Wojciech Szczęsny,GK,Poland,4,4.0,0,0,0,0.0,0.0,0.0,0.0,0.0,59.2,7.0,0.0,0.0,0.0,0.0,0.0,0.0,0.0,0,4.0,100.0,0,,0.0,4.0,0.0,0.0
Wout Weghorst,FW,Netherlands,0,0.7,2,0,0,2.81,0.2,0.0,100.0,1.0,60.0,0.0,0.0,2.0,1.0,0.0,0.0,0.0,0.0,0,2.0,50.0,0,,1.0,1.0,0.0,0.0
Wéverton,GK,Brazil,0,0.1,0,0,0,0.0,0.0,0.0,0.0,0.0,60.0,0.0,0.0,0.0,0.0,0.0,0.0,0.0,0.0,0,0.0,0.0,0,,0.0,0.0,0.0,0.0
Xavi Simons,FW,Netherlands,0,0.1,0,0,0,0.0,0.0,0.0,0.0,0.0,60.0,0.0,2.0,3.0,0.0,0.0,0.0,0.0,0.0,0,0.0,100.0,0,0.0,0.0,0.0,1.0,0.0
Xherdan Shaqiri,FW,Switzerland,3,2.5,1,1,0,0.79,0.3,0.0,50.0,0.5,64.4,7.0,4.0,11.0,2.0,0.0,0.0,0.0,5.0,0,6.0,20.0,0,0.0,0.0,0.0,0.0,0.0
Yahya Attiat Allah,DF,Morocco,2,3.5,0,1,0,0.28,0.2,0.0,0.0,0.0,71.5,4.0,4.0,4.0,2.0,0.0,0.0,0.0,2.0,0,21.0,0.0,2,42.9,4.0,15.0,4.0,0.0
Yahya Jabrane,MF,Morocco,0,0.2,0,0,0,0.0,0.0,0.0,0.0,0.0,0.0,0.0,0.0,0.0,0.0,0.0,0.0,0.0,0.0,0,0.0,0.0,0,,,,,
Yann Sommer,GK,Switzerland,3,3.0,0,0,0,0.0,0.0,0.0,0.0,0.0,91.5,0.0,0.0,0.0,0.0,0.0,0.0,0.0,0.0,0,5.0,0.0,0,,0.0,0.0,0.0,0.0
Yannick Carrasco,FW,Belgium,2,1.3,0,0,0,0.0,0.3,0.0,0.0,0.0,84.8,0.0,1.0,3.0,0.0,0.0,0.0,33.3,2.0,0,8.0,0.0,4,71.4,2.0,4.0,6.0,0.0
Yasser Al-Shahrani,DF,Saudi Arabia,1,1.0,0,0,0,0.0,0.0,0.0,0.0,0.0,44.8,1.0,0.0,2.0,0.0,0.0,0.0,0.0,0.0,0,5.0,0.0,1,100.0,0.0,6.0,9.0,0.0
Yassine Bounou,GK,Morocco,6,6.3,0,0,0,0.0,0.0,0.0,0.0,0.0,73.7,0.0,0.0,0.0,0.0,0.0,0.0,0.0,0.0,0,7.0,100.0,0,,0.0,5.0,0.0,0.0
Yassine Meriah,DF,Tunisia,3,3.0,0,0,0,0.0,0.1,0.0,0.0,0.0,81.3,11.0,0.0,11.0,0.0,0.0,0.0,50.0,0.0,0,16.0,45.5,2,37.5,5.0,20.0,5.0,0.0
Yeltsin Tejeda,MF,Costa Rica,3,3.0,1,1,0,0.67,0.4,0.0,100.0,0.5,78.8,6.0,1.0,7.0,1.0,0.0,0.0,0.0,2.0,0,14.0,66.7,2,16.7,7.0,7.0,5.0,0.0
Youri Tielemans,MF,Belgium,1,1.1,0,0,0,0.0,0.0,0.0,0.0,0.0,82.8,6.0,1.0,4.0,0.0,0.0,0.0,0.0,0.0,0,9.0,66.7,1,100.0,4.0,0.0,5.0,0.0
Youssef En-Nesyri,FW,Morocco,7,6.0,2,0,0,0.33,1.2,0.0,33.3,0.67,61.7,3.0,0.0,1.0,0.0,0.0,0.0,62.5,1.0,0,13.0,60.0,2,0.0,5.0,11.0,4.0,0.0
Youssef Msakni,MF,Tunisia,2,1.9,0,0,0,0.0,0.5,0.0,22.2,0.0,72.5,4.0,3.0,6.0,0.0,0.0,0.0,57.1,5.0,0,9.0,33.3,1,0.0,2.0,1.0,3.0,0.0
Youssouf Fofana,MF,France,2,2.5,0,0,0,0.0,0.2,0.0,0.0,0.0,85.7,14.0,1.0,5.0,0.0,0.0,0.0,100.0,3.0,0,17.0,50.0,5,25.0,6.0,0.0,11.0,0.0
Youssouf Sabaly,DF,Senegal,4,4.0,0,0,0,0.0,0.0,0.0,50.0,0.0,86.3,16.0,6.0,16.0,1.0,0.0,0.0,44.4,1.0,0,27.0,57.1,6,60.0,1.0,9.0,10.0,0.0
Youssoufa Moukoko,FW,Germany,0,0.0,0,0,0,0.0,0.0,0.0,0.0,0.0,50.0,0.0,0.0,0.0,0.0,0.0,0.0,0.0,0.0,0,1.0,0.0,0,,0.0,0.0,0.0,0.0
Youstin Salas,DF,Costa Rica,0,0.5,0,0,0,0.0,0.0,0.0,0.0,0.0,78.9,1.0,0.0,0.0,0.0,0.0,0.0,50.0,1.0,0,5.0,100.0,1,42.9,3.0,1.0,5.0,0.0
Yuki Soma,FW,Japan,1,0.9,0,0,0,0.0,0.2,0.0,0.0,0.0,57.9,1.0,0.0,1.0,0.0,0.0,0.0,50.0,0.0,0,2.0,0.0,0,0.0,0.0,0.0,2.0,0.0
Yunus Musah,MF,United States,4,3.8,0,0,0,0.0,0.3,0.0,25.0,0.0,83.0,10.0,5.0,13.0,1.0,0.0,0.0,36.4,3.0,0,23.0,50.0,6,33.3,7.0,1.0,10.0,0.0
Yuto Nagatomo,MF,Japan,4,2.3,0,0,0,0.0,0.0,0.0,0.0,0.0,71.6,7.0,2.0,2.0,0.0,0.0,0.0,75.0,1.0,0,11.0,33.3,2,100.0,2.0,3.0,4.0,0.0
Zakaria Aboukhlal,FW,Morocco,0,0.9,1,0,0,1.14,1.0,0.0,66.7,0.5,50.0,0.0,0.0,0.0,0.0,0.0,0.0,0.0,0.0,0,3.0,100.0,1,0.0,2.0,1.0,2.0,0.0
Álvaro Morata,FW,Spain,1,2.1,3,1,0,1.95,1.4,0.0,62.5,0.6,68.3,3.0,1.0,3.0,2.0,0.0,0.0,33.3,5.0,0,2.0,100.0,1,50.0,2.0,2.0,1.0,0.0
Álvaro Zamora,MF,Costa Rica,0,0.3,0,0,0,0.0,0.0,0.0,0.0,0.0,100.0,1.0,0.0,1.0,0.0,0.0,0.0,0.0,1.0,0,1.0,0.0,0,100.0,0.0,0.0,3.0,0.0
Ángel Correa,MF,Argentina,0,0.1,0,0,0,0.0,0.0,0.0,0.0,0.0,100.0,0.0,0.0,0.0,0.0,0.0,0.0,0.0,0.0,0,0.0,0.0,1,,0.0,1.0,1.0,0.0
Ángel Di María,MF,Argentina,4,3.2,1,1,0,0.62,0.8,0.0,50.0,0.33,77.4,3.0,11.0,17.0,4.0,1.0,0.0,52.0,6.0,0,7.0,0.0,1,33.3,3.0,0.0,4.0,0.0
Ángelo Preciado,DF,Ecuador,3,2.9,0,1,0,0.34,0.1,0.0,0.0,0.0,72.9,4.0,6.0,6.0,1.0,0.0,0.0,0.0,2.0,0,10.0,60.0,5,50.0,2.0,4.0,13.0,0.0
Éder Militão,DF,Brazil,4,3.9,0,0,0,0.0,0.2,0.0,20.0,0.0,90.6,20.0,1.0,12.0,0.0,0.0,0.0,0.0,1.0,0,29.0,44.4,6,75.0,1.0,5.0,10.0,0.0
Óscar Duarte,DF,Costa Rica,3,3.0,0,0,0,0.0,0.0,0.0,0.0,0.0,69.4,1.0,0.0,0.0,0.0,0.0,0.0,0.0,0.0,0,9.0,40.0,2,100.0,3.0,15.0,10.0,0.0
İlkay Gündoğan,MF,Germany,3,2.1,1,0,1,0.48,1.1,0.0,40.0,0.0,89.3,18.0,4.0,15.0,0.0,0.0,0.0,100.0,1.0,0,18.0,60.0,1,0.0,2.0,1.0,4.0,0.0
